Office Name,Pincode,"Delivery/
Non Delivery","Office
Type",Circle,Region,Division,Division ID,Region ID
Bengaluru G.P.O.,560001,Delivery,HO,Karnataka Circle,Bengaluru HQ Region,BG GPO,21530002,21610001
Fraser Town S.O,560005,Delivery,PO,Karnataka Circle,Bengaluru HQ Region,BG East,21530001,21610001
J C Nagar S.O,560006,Delivery,PO,Karnataka Circle,Bengaluru HQ Region,BG East,21530001,21610001
Agram S.O,560007,Delivery,PO,Karnataka Circle,Bengaluru HQ Region,BG East,21530001,21610001
H A L II Stage H.O,560008,Delivery,HO,Karnataka Circle,Bengaluru HQ Region,BG East,21530001,21610001
Doorvaninagar S.O,560016,Delivery,PO,Karnataka Circle,Bengaluru HQ Region,BG East,21530001,21610001
Vimanapura S.O,560017,Delivery,PO,Karnataka Circle,Bengaluru HQ Region,BG East,21530001,21610001
H A Farm S.O,560024,Delivery,PO,Karnataka Circle,Bengaluru HQ Region,BG East,21530001,21610001
Museum Road S.O,560025,Delivery,PO,Karnataka Circle,Bengaluru HQ Region,BG East,21530001,21610001
R T Nagar H.O,560032,Delivery,HO,Karnataka Circle,Bengaluru HQ Region,BG East,21530001,21610001
Maruthi Sevanagar S.O,560033,Delivery,PO,Karnataka Circle,Bengaluru HQ Region,BG East,21530001,21610001
Krishnarajapuram S.O,560036,Delivery,PO,Karnataka Circle,Bengaluru HQ Region,BG East,21530001,21610001
Marathahalli Colony S.O,560037,Delivery,PO,Karnataka Circle,Bengaluru HQ Region,BG East,21530001,21610001
Indiranagar S.O (Bengaluru),560038,Delivery,PO,Karnataka Circle,Bengaluru HQ Region,BG East,21530001,21610001
Sivan Chetty Gardens S.O,560042,Delivery,PO,Karnataka Circle,Bengaluru HQ Region,BG East,21530001,21610001
Kalyananagar S.O,560043,Delivery,PO,Karnataka Circle,Bengaluru HQ Region,BG East,21530001,21610001
Arabic College S.O,560045,Delivery,PO,Karnataka Circle,Bengaluru HQ Region,BG East,21530001,21610001
Benson Town S.O,560046,Delivery,PO,Karnataka Circle,Bengaluru HQ Region,BG East,21530001,21610001
Viveknagar S.O (Bengaluru),560047,Delivery,PO,Karnataka Circle,Bengaluru HQ Region,BG East,21530001,21610001
Mahadevapura S.O,560048,Delivery,PO,Karnataka Circle,Bengaluru HQ Region,BG East,21530001,21610001
Virgonagar S.O,560049,Delivery,PO,Karnataka Circle,Bengaluru HQ Region,BG East,21530001,21610001
H K P Road S.O,560051,Delivery,PO,Karnataka Circle,Bengaluru HQ Region,BG East,21530001,21610001
A F Station Yelahanka S.O,560063,Delivery,PO,Karnataka Circle,Bengaluru HQ Region,BG East,21530001,21610001
Yelahanka S.O,560064,Delivery,PO,Karnataka Circle,Bengaluru HQ Region,BG East,21530001,21610001
G K V K S.O,560065,Delivery,PO,Karnataka Circle,Bengaluru HQ Region,BG East,21530001,21610001
Whitefield S.O,560066,Delivery,PO,Karnataka Circle,Bengaluru HQ Region,BG East,21530001,21610001
Kadugodi S.O,560067,Delivery,PO,Karnataka Circle,Bengaluru HQ Region,BG East,21530001,21610001
Domlur S.O,560071,Delivery,PO,Karnataka Circle,Bengaluru HQ Region,BG East,21530001,21610001
New Thippasandra S.O,560075,Delivery,PO,Karnataka Circle,Bengaluru HQ Region,BG East,21530001,21610001
Dr. Shivarama Karanth Nagar S.O,560077,Delivery,PO,Karnataka Circle,Bengaluru HQ Region,BG East,21530001,21610001
Sadashivanagar S.O,560080,Delivery,PO,Karnataka Circle,Bengaluru HQ Region,BG East,21530001,21610001
St. Thomas Town S.O,560084,Delivery,PO,Karnataka Circle,Bengaluru HQ Region,BG East,21530001,21610001
Vartur S.O,560087,Delivery,PO,Karnataka Circle,Bengaluru HQ Region,BG East,21530001,21610001
Sahakaranagar S.O,560092,Delivery,PO,Karnataka Circle,Bengaluru HQ Region,BG East,21530001,21610001
C V Raman Nagar S.O,560093,Delivery,PO,Karnataka Circle,Bengaluru HQ Region,BG East,21530001,21610001
R M V Extension II Stage S.O,560094,Delivery,PO,Karnataka Circle,Bengaluru HQ Region,BG East,21530001,21610001
Bellandur S.O,560103,Delivery,PO,Karnataka Circle,Bengaluru HQ Region,BG East,21530001,21610001
Horamavu S.O,560113,Delivery,PO,Karnataka Circle,Bengaluru HQ Region,BG East,21530001,21610001
Kannamangala S.O,560115,Delivery,PO,Karnataka Circle,Bengaluru HQ Region,BG East,21530001,21610001
Doddadunnasandra S.O,560117,Delivery,PO,Karnataka Circle,Bengaluru HQ Region,BG East,21530001,21610001
Bengaluru International Airport S.O,560300,Delivery,PO,Karnataka Circle,Bengaluru HQ Region,BG East,21530001,21610001
Basavanagudi H.O,560004,Delivery,HO,Karnataka Circle,Bengaluru HQ Region,BG South,21530003,21610001
Jayangar III Block S.O,560011,Delivery,PO,Karnataka Circle,Bengaluru HQ Region,BG South,21530003,21610001
Chamrajpet S.O (Bengaluru),560018,Delivery,PO,Karnataka Circle,Bengaluru HQ Region,BG South,21530003,21610001
Governmemnt Electric Factory S.O,560026,Delivery,PO,Karnataka Circle,Bengaluru HQ Region,BG South,21530003,21610001
Wilson Garden S.O,560027,Delivery,PO,Karnataka Circle,Bengaluru HQ Region,BG South,21530003,21610001
Dharmaram College S.O,560029,Delivery,PO,Karnataka Circle,Bengaluru HQ Region,BG South,21530003,21610001
Adugodi S.O,560030,Delivery,PO,Karnataka Circle,Bengaluru HQ Region,BG South,21530003,21610001
Koramangala S.O,560034,Delivery,PO,Karnataka Circle,Bengaluru HQ Region,BG South,21530003,21610001
Carmelram S.O,560035,Delivery,PO,Karnataka Circle,Bengaluru HQ Region,BG South,21530003,21610001
Jayanagar H.O,560041,Delivery,HO,Karnataka Circle,Bengaluru HQ Region,BG South,21530003,21610001
Banashankari S.O,560050,Delivery,PO,Karnataka Circle,Bengaluru HQ Region,BG South,21530003,21610001
Chickpet S.O,560053,Delivery,PO,Karnataka Circle,Bengaluru HQ Region,BG South,21530003,21610001
Bnagalore Viswavidalaya S.O,560056,Delivery,PO,Karnataka Circle,Bengaluru HQ Region,BG South,21530003,21610001
Rv Niketan S.O,560059,Delivery,PO,Karnataka Circle,Bengaluru HQ Region,BG South,21530003,21610001
Kengeri S.O,560060,Delivery,PO,Karnataka Circle,Bengaluru HQ Region,BG South,21530003,21610001
Subramanyapura S.O,560061,Delivery,PO,Karnataka Circle,Bengaluru HQ Region,BG South,21530003,21610001
Doddakallasandra S.O,560062,Delivery,PO,Karnataka Circle,Bengaluru HQ Region,BG South,21530003,21610001
Bommanahalli S.O (Bengaluru),560068,Delivery,PO,Karnataka Circle,Bengaluru HQ Region,BG South,21530003,21610001
B Sk II Stage S.O,560070,Delivery,PO,Karnataka Circle,Bengaluru HQ Region,BG South,21530003,21610001
Kumbalagodu S.O,560074,Delivery,PO,Karnataka Circle,Bengaluru HQ Region,BG South,21530003,21610001
Bannerghatta Road S.O,560076,Delivery,PO,Karnataka Circle,Bengaluru HQ Region,BG South,21530003,21610001
J P Nagar S.O,560078,Delivery,PO,Karnataka Circle,Bengaluru HQ Region,BG South,21530003,21610001
Chandapura S.O,560081,Delivery,PO,Karnataka Circle,Bengaluru HQ Region,BG South,21530003,21610001
Udaypura S.O,560082,Delivery,PO,Karnataka Circle,Bengaluru HQ Region,BG South,21530003,21610001
Bannerghatta S.O,560083,Delivery,PO,Karnataka Circle,Bengaluru HQ Region,BG South,21530003,21610001
Banashankari III Stage S.O,560085,Delivery,PO,Karnataka Circle,Bengaluru HQ Region,BG South,21530003,21610001
Koramangala VI Bk S.O,560095,Delivery,PO,Karnataka Circle,Bengaluru HQ Region,BG South,21530003,21610001
Rajarajeshwarinagar S.O,560098,Delivery,PO,Karnataka Circle,Bengaluru HQ Region,BG South,21530003,21610001
Bommasandra Industrial Estate S.O,560099,Delivery,PO,Karnataka Circle,Bengaluru HQ Region,BG South,21530003,21610001
Electronics City S.O,560100,Delivery,PO,Karnataka Circle,Bengaluru HQ Region,BG South,21530003,21610001
HSR Layout S.O,560102,Delivery,PO,Karnataka Circle,Bengaluru HQ Region,BG South,21530003,21610001
Jigani S.O,560105,Delivery,PO,Karnataka Circle,Bengaluru HQ Region,BG South,21530003,21610001
Anjanapura S.O,560108,Delivery,PO,Karnataka Circle,Bengaluru HQ Region,BG South,21530003,21610001
Thalaghattapura S.O,560109,Delivery,PO,Karnataka Circle,Bengaluru HQ Region,BG South,21530003,21610001
Ullalu Upanagar S.O,560110,Delivery,PO,Karnataka Circle,Bengaluru HQ Region,BG South,21530003,21610001
Kumaraswamy Layout S.O,560111,Delivery,PO,Karnataka Circle,Bengaluru HQ Region,BG South,21530003,21610001
Begur,560114,Delivery,PO,Karnataka Circle,Bengaluru HQ Region,BG South,21530003,21610001
Kaggalipura P.O,560116,Delivery,PO,Karnataka Circle,Bengaluru HQ Region,BG South,21530003,21610001
CPC ITD BNPL booking HUB,560500,Delivery,PO,Karnataka Circle,Bengaluru HQ Region,BG South,21530003,21610001
Bengaluru City S.O,560002,Delivery,PO,Karnataka Circle,Bengaluru HQ Region,BG South,21530003,21610001
Malleswaram S.O,560003,Delivery,PO,Karnataka Circle,Bengaluru HQ Region,BG West,21530004,21610001
K. G. Road S.O,560009,Delivery,PO,Karnataka Circle,Bengaluru HQ Region,BG South,21530004,21610001
Rajajinagar H.O,560010,Delivery,HO,Karnataka Circle,Bengaluru HQ Region,BG West,21530004,21610001
Science Institute S.O,560012,Delivery,PO,Karnataka Circle,Bengaluru HQ Region,BG West,21530004,21610001
Jalahalli H.O,560013,Delivery,HO,Karnataka Circle,Bengaluru HQ Region,BG West,21530004,21610001
Jalahalli West S.O,560015,Delivery,PO,Karnataka Circle,Bengaluru HQ Region,BG West,21530004,21610001
Seshadripuram S.O,560020,Delivery,PO,Karnataka Circle,Bengaluru HQ Region,BG West,21530004,21610001
Srirampuram S.O,560021,Delivery,PO,Karnataka Circle,Bengaluru HQ Region,BG West,21530004,21610001
Yeswanthpura S.O,560022,Delivery,PO,Karnataka Circle,Bengaluru HQ Region,BG West,21530004,21610001
Magadi Road S.O,560023,Delivery,PO,Karnataka Circle,Bengaluru HQ Region,BG West,21530004,21610001
Vijayanagar S.O (Bengaluru),560040,Delivery,PO,Karnataka Circle,Bengaluru HQ Region,BG West,21530004,21610001
Msrit S.O,560054,Delivery,PO,Karnataka Circle,Bengaluru HQ Region,BG West,21530004,21610001
Malleswaram West S.O,560055,Delivery,PO,Karnataka Circle,Bengaluru HQ Region,BG West,21530004,21610001
Peenya Dasarahalli S.O,560057,Delivery,PO,Karnataka Circle,Bengaluru HQ Region,BG West,21530004,21610001
Peenya Small Industries S.O,560058,Delivery,PO,Karnataka Circle,Bengaluru HQ Region,BG West,21530004,21610001
Nagarbhavi S.O,560072,Delivery,PO,Karnataka Circle,Bengaluru HQ Region,BG West,21530004,21610001
Nagasandra S.O (Bengaluru),560073,Delivery,PO,Karnataka Circle,Bengaluru HQ Region,BG West,21530004,21610001
Basaveshwaranagar S.O,560079,Delivery,PO,Karnataka Circle,Bengaluru HQ Region,BG West,21530004,21610001
Mahalakshmipuram Layout S.O,560086,Delivery,PO,Karnataka Circle,Bengaluru HQ Region,BG West,21530004,21610001
Hessarghatta S.O,560088,Delivery,PO,Karnataka Circle,Bengaluru HQ Region,BG West,21530004,21610001
Hessarghatta Lake S.O,560089,Delivery,PO,Karnataka Circle,Bengaluru HQ Region,BG West,21530004,21610001
Chikkabanavara S.O,560090,Delivery,PO,Karnataka Circle,Bengaluru HQ Region,BG West,21530004,21610001
Viswaneedam S.O,560091,Delivery,PO,Karnataka Circle,Bengaluru HQ Region,BG West,21530004,21610001
Nandinilayout S.O,560096,Delivery,PO,Karnataka Circle,Bengaluru HQ Region,BG West,21530004,21610001
Vidyaranyapura S.O,560097,Delivery,PO,Karnataka Circle,Bengaluru HQ Region,BG West,21530004,21610001
Hampinagar S.O,560104,Delivery,PO,Karnataka Circle,Bengaluru HQ Region,BG West,21530004,21610001
Achitnagar S.O,560107,Delivery,PO,Karnataka Circle,Bengaluru HQ Region,BG West,21530004,21610001
Kodigehalli S.O,560112,Delivery,PO,Karnataka Circle,Bengaluru HQ Region,BG West,21530004,21610001
Kudur S.O,561101,Delivery,PO,Karnataka Circle,Bengaluru HQ Region,Channapatna,21530005,21610001
Veeregowdanadoddi S.O,561201,Delivery,PO,Karnataka Circle,Bengaluru HQ Region,Channapatna,21530005,21610001
Dodballapura S.O,561203,Delivery,PO,Karnataka Circle,Bengaluru HQ Region,BG WEST,21530004,21610001
Doddabelavangala S.O,561204,Delivery,PO,Karnataka Circle,Bengaluru HQ Region,BG WEST,21530004,21610001
Melekote S.O,561205,Delivery,PO,Karnataka Circle,Bengaluru HQ Region,BG WEST,21530004,21610001
Anekal S.O,562106,Delivery,PO,Karnataka Circle,Bengaluru HQ Region,BG SOUTH,21530003,21610001
Attibele S.O,562107,Delivery,PO,Karnataka Circle,Bengaluru HQ Region,BG SOUTH,21530003,21610001
Bevur S.O (Ramanagar),562108,Delivery,PO,Karnataka Circle,Bengaluru HQ Region,Channapatna,21530005,21610001
Bidadi S.O,562109,Delivery,PO,Karnataka Circle,Bengaluru HQ Region,Channapatna,21530005,21610001
Devanahalli S.O,562110,Delivery,PO,Karnataka Circle,Bengaluru HQ Region,BG EAST,21530001,21610001
Dobbespet S.O,562111,Delivery,PO,Karnataka Circle,Bengaluru HQ Region,BG WEST,21530004,21610001
Harohalli S.O,562112,Delivery,PO,Karnataka Circle,Bengaluru HQ Region,Channapatna,21530005,21610001
Hoskote S.O,562114,Delivery,PO,Karnataka Circle,Bengaluru HQ Region,BG EAST,21530001,21610001
Kanakapura S.O,562117,Delivery,PO,Karnataka Circle,Bengaluru HQ Region,Channapatna,21530005,21610001
Kodihalli S.O,562119,Delivery,PO,Karnataka Circle,Bengaluru HQ Region,Channapatna,21530005,21610001
Magadi S.O,562120,Delivery,PO,Karnataka Circle,Bengaluru HQ Region,Channapatna,21530005,21610001
Maralavadi S.O,562121,Delivery,PO,Karnataka Circle,Bengaluru HQ Region,Channapatna,21530005,21610001
Nandagudi S.O,562122,Delivery,PO,Karnataka Circle,Bengaluru HQ Region,KOLAR,21530027,21610001
Nelamangala S.O,562123,Delivery,PO,Karnataka Circle,Bengaluru HQ Region,BG WEST,21530004,21610001
Sarjapura S.O,562125,Delivery,PO,Karnataka Circle,Bengaluru HQ Region,BG SOUTH,21530003,21610001
Sathanur S.O,562126,Delivery,PO,Karnataka Circle,Bengaluru HQ Region,Channapatna,21530005,21610001
Solur S.O,562127,Delivery,PO,Karnataka Circle,Bengaluru HQ Region,Channapatna,21530005,21610001
Sugganahalli S.O,562128,Delivery,PO,Karnataka Circle,Bengaluru HQ Region,Channapatna,21530005,21610001
Sulebele S.O,562129,Delivery,PO,Karnataka Circle,Bengaluru HQ Region,BG EAST,21530001,21610001
Tavarekere S.O (Bengaluru),562130,Delivery,PO,Karnataka Circle,Bengaluru HQ Region,BG WEST,21530004,21610001
Thippasandra S.O,562131,Delivery,PO,Karnataka Circle,Bengaluru HQ Region,Channapatna,21530005,21610001
Tyamagondlu S.O,562132,Delivery,PO,Karnataka Circle,Bengaluru HQ Region,BG WEST,21530004,21610001
Vijayapura S.O,562135,Delivery,PO,Karnataka Circle,Bengaluru HQ Region,BG EAST,21530001,21610001
Honganur S.O,562138,Delivery,PO,Karnataka Circle,Bengaluru HQ Region,Channapatna,21530005,21610001
Bagalur S.O (Bengaluru),562149,Delivery,PO,Karnataka Circle,Bengaluru HQ Region,BG EAST,21530001,21610001
Bettahalsur S.O,562157,Delivery,PO,Karnataka Circle,Bengaluru HQ Region,BG EAST,21530001,21610001
Ramanagaram S.O,562159,Delivery,PO,Karnataka Circle,Bengaluru HQ Region,Channapatna,21530005,21610001
Channapatna H.O,562160,Delivery,HO,Karnataka Circle,Bengaluru HQ Region,Channapatna,21530005,21610001
Government Silk Farm S.O,562161,Delivery,PO,Karnataka Circle,Bengaluru HQ Region,Channapatna,21530005,21610001
Madanayakanahalli S.O,562162,Delivery,PO,Karnataka Circle,Bengaluru HQ Region,BG WEST,21530004,21610001
Nagadenahalli S.O,562163,Delivery,PO,Karnataka Circle,Bengaluru HQ Region,BG WEST,21530004,21610001
Avathi S.O,562164,Delivery,PO,Karnataka Circle,Bengaluru HQ Region,BG EAST,21530001,21610001
Budigere S.O,562165,Delivery,PO,Karnataka Circle,Bengaluru HQ Region,BG EAST,21530001,21610001
Bagalkot H.O,587101,Delivery,HO,Karnataka Circle,North Karnataka Region,Bagalkot,21530006,21610002
Gaddankeri Cross S.O,587102,Delivery,PO,Karnataka Circle,North Karnataka Region,Bagalkot,21530006,21610002
Bagalkot Navanagar S.O,587103,Delivery,PO,Karnataka Circle,North Karnataka Region,Bagalkot,21530006,21610002
Bagalkot UHS Campus S.O,587104,Delivery,PO,Karnataka Circle,North Karnataka Region,Bagalkot,21530006,21610002
Bagalkot Alokudyog S.O,587111,Delivery,PO,Karnataka Circle,North Karnataka Region,Bagalkot,21530006,21610002
Amingad S.O,587112,Delivery,PO,Karnataka Circle,North Karnataka Region,Bagalkot,21530006,21610002
Belagali S.O,587113,Delivery,PO,Karnataka Circle,North Karnataka Region,Bagalkot,21530006,21610002
Belur S.O (Bagalkot),587114,Delivery,PO,Karnataka Circle,North Karnataka Region,Bagalkot,21530006,21610002
Bevur S.O (Bagalkot),587115,Delivery,PO,Karnataka Circle,North Karnataka Region,Bagalkot,21530006,21610002
Bilgi S.O (Bagalkot),587116,Delivery,PO,Karnataka Circle,North Karnataka Region,Bagalkot,21530006,21610002
Galagali S.O,587117,Delivery,PO,Karnataka Circle,North Karnataka Region,Bagalkot,21530006,21610002
Hungund S.O,587118,Delivery,PO,Karnataka Circle,North Karnataka Region,Bagalkot,21530006,21610002
Hunnur S.O,587119,Delivery,PO,Karnataka Circle,North Karnataka Region,Bagalkot,21530006,21610002
Kamatgi S.O,587120,Delivery,PO,Karnataka Circle,North Karnataka Region,Bagalkot,21530006,21610002
Konnur S.O (Bagalkot),587121,Delivery,PO,Karnataka Circle,North Karnataka Region,Bagalkot,21530006,21610002
Lokapur S.O,587122,Delivery,PO,Karnataka Circle,North Karnataka Region,Bagalkot,21530006,21610002
Sulebhavi S.O,587124,Delivery,PO,Karnataka Circle,North Karnataka Region,Bagalkot,21530006,21610002
Ilkal S.O,587125,Delivery,PO,Karnataka Circle,North Karnataka Region,Bagalkot,21530006,21610002
Ilkal  Alampurpet S.O,587154,Delivery,PO,Karnataka Circle,North Karnataka Region,Bagalkot,21530006,21610002
Kulgeri Cross S.O,587155,Delivery,PO,Karnataka Circle,North Karnataka Region,Bagalkot,21530006,21610002
Shirur S.O,587156,Delivery,PO,Karnataka Circle,North Karnataka Region,Bagalkot,21530006,21610002
Badami S.O,587201,Delivery,PO,Karnataka Circle,North Karnataka Region,Bagalkot,21530006,21610002
Gudur S.O (Bagalkot),587202,Delivery,PO,Karnataka Circle,North Karnataka Region,Bagalkot,21530006,21610002
Guledgudd S.O,587203,Delivery,PO,Karnataka Circle,North Karnataka Region,Bagalkot,21530006,21610002
Kaladgi S.O,587204,Delivery,PO,Karnataka Circle,North Karnataka Region,Bagalkot,21530006,21610002
Katageri S.O,587205,Delivery,PO,Karnataka Circle,North Karnataka Region,Bagalkot,21530006,21610002
Kerur S.O,587206,Delivery,PO,Karnataka Circle,North Karnataka Region,Bagalkot,21530006,21610002
Rampur S.O (Bagalkot),587207,Delivery,PO,Karnataka Circle,North Karnataka Region,Bagalkot,21530006,21610002
Jamkhandi H.O,587301,Delivery,HO,Karnataka Circle,North Karnataka Region,Bagalkot,21530006,21610002
Banahatti S.O,587311,Delivery,PO,Karnataka Circle,North Karnataka Region,Bagalkot,21530006,21610002
Mahalingpur S.O,587312,Delivery,PO,Karnataka Circle,North Karnataka Region,Bagalkot,21530006,21610002
Mudhol (Bagalkot) S.O,587313,Delivery,PO,Karnataka Circle,North Karnataka Region,Bagalkot,21530006,21610002
Rabkavi S.O,587314,Delivery,PO,Karnataka Circle,North Karnataka Region,Bagalkot,21530006,21610002
Terdal S.O,587315,Delivery,PO,Karnataka Circle,North Karnataka Region,Bagalkot,21530006,21610002
Sameerwadi S.O,587316,Delivery,PO,Karnataka Circle,North Karnataka Region,Bagalkot,21530006,21610002
Savalagi S.O,587330,Delivery,PO,Karnataka Circle,North Karnataka Region,Bagalkot,21530006,21610002
HIPPARGI SO,587331,Delivery,PO,Karnataka Circle,North Karnataka Region,Bagalkot,21530006,21610002
Ballari H.O,583101,Delivery,HO,Karnataka Circle,North Karnataka Region,Ballari,21530007,21610002
Ballari Cowl Bazar S.O,583102,Delivery,PO,Karnataka Circle,North Karnataka Region,Ballari,21530007,21610002
Ballari Gandhinagar S.O,583103,Delivery,PO,Karnataka Circle,North Karnataka Region,Ballari,21530007,21610002
Ballari Cantonment S.O,583104,Delivery,PO,Karnataka Circle,North Karnataka Region,Ballari,21530007,21610002
Ballari Jnanasagara S.O,583105,Delivery,PO,Karnataka Circle,North Karnataka Region,Ballari,21530007,21610002
Chellakurki S.O,583111,Delivery,PO,Karnataka Circle,North Karnataka Region,Ballari,21530007,21610002
Deogiri S.O,583112,Delivery,PO,Karnataka Circle,North Karnataka Region,Ballari,21530007,21610002
Emmiganur S.O,583113,Delivery,PO,Karnataka Circle,North Karnataka Region,Ballari,21530007,21610002
Hatcholi S.O,583114,Delivery,PO,Karnataka Circle,North Karnataka Region,Ballari,21530007,21610002
Kudathini S.O,583115,Delivery,PO,Karnataka Circle,North Karnataka Region,Ballari,21530007,21610002
Kurugodu S.O,583116,Delivery,PO,Karnataka Circle,North Karnataka Region,Ballari,21530007,21610002
Moka S.O,583117,Delivery,PO,Karnataka Circle,North Karnataka Region,Ballari,21530007,21610002
D T Ship S.O,583118,Delivery,PO,Karnataka Circle,North Karnataka Region,Ballari,21530007,21610002
Sandur S.O,583119,Delivery,PO,Karnataka Circle,North Karnataka Region,Ballari,21530007,21610002
Sirigere S.O(Ballari),583120,Delivery,PO,Karnataka Circle,North Karnataka Region,Ballari,21530007,21610002
Siruguppa S.O,583121,Delivery,PO,Karnataka Circle,North Karnataka Region,Ballari,21530007,21610002
Tekkalakota S.O,583122,Delivery,PO,Karnataka Circle,North Karnataka Region,Ballari,21530007,21610002
Toranagallu S.O,583123,Delivery,PO,Karnataka Circle,North Karnataka Region,Ballari,21530007,21610002
Yeshwantnagar S.O(Ballari),583124,Delivery,PO,Karnataka Circle,North Karnataka Region,Ballari,21530007,21610002
Arasikere S.O,583125,Delivery,PO,Karnataka Circle,North Karnataka Region,Ballari,21530007,21610002
Chikkajogihalli S.O,583126,Delivery,PO,Karnataka Circle,North Karnataka Region,Ballari,21530007,21610002
Chigatere S.O,583127,Delivery,PO,Karnataka Circle,North Karnataka Region,Ballari,21530007,21610002
Choranur S.O,583128,Delivery,PO,Karnataka Circle,North Karnataka Region,Ballari,21530007,21610002
Devalapura S.O(Ballari),583129,Delivery,PO,Karnataka Circle,North Karnataka Region,Ballari,21530007,21610002
Gudekota S.O,583130,Delivery,PO,Karnataka Circle,North Karnataka Region,Ballari,21530007,21610002
Harapanahalli S.O,583131,Delivery,PO,Karnataka Circle,North Karnataka Region,Ballari,21530007,21610002
Kampli S.O,583132,Delivery,PO,Karnataka Circle,North Karnataka Region,Ballari,21530007,21610002
Kottur S.O(Ballari),583134,Delivery,PO,Karnataka Circle,North Karnataka Region,Ballari,21530007,21610002
Kudligi S.O,583135,Delivery,PO,Karnataka Circle,North Karnataka Region,Ballari,21530007,21610002
Oojein S.O,583136,Delivery,PO,Karnataka Circle,North Karnataka Region,Ballari,21530007,21610002
Teligi S.O,583137,Delivery,PO,Karnataka Circle,North Karnataka Region,Ballari,21530007,21610002
Ballari Thermal Power Station S.O,583152,Delivery,PO,Karnataka Circle,North Karnataka Region,Ballari,21530007,21610002
Shankar Hill Town Colony S.O.,583153,Delivery,PO,Karnataka Circle,North Karnataka Region,Ballari,21530007,21610002
Karur SO,583154,Delivery,PO,Karnataka Circle,North Karnataka Region,Ballari,21530007,21610002
Kolur S.O,583155,Delivery,PO,Karnataka Circle,North Karnataka Region,Ballari,21530007,21610002
Hosapete H.O,583201,Delivery,HO,Karnataka Circle,North Karnataka Region,Ballari,21530007,21610002
Hosapete N C C S.O,583203,Delivery,PO,Karnataka Circle,North Karnataka Region,Ballari,21530007,21610002
Chitwadgi S.O,583211,Delivery,PO,Karnataka Circle,North Karnataka Region,Ballari,21530007,21610002
Hagaribommanahalli S.O,583212,Delivery,PO,Karnataka Circle,North Karnataka Region,Ballari,21530007,21610002
Halavagalu S.O,583213,Delivery,PO,Karnataka Circle,North Karnataka Region,Ballari,21530007,21610002
Hampasagara S.O,583214,Delivery,PO,Karnataka Circle,North Karnataka Region,Ballari,21530007,21610002
Hampi Power House S.O,583215,Delivery,PO,Karnataka Circle,North Karnataka Region,Ballari,21530007,21610002
Hirehadagali S.O,583216,Delivery,PO,Karnataka Circle,North Karnataka Region,Ballari,21530007,21610002
Holalu S.O,583217,Delivery,PO,Karnataka Circle,North Karnataka Region,Ballari,21530007,21610002
Hosahalli S.O,583218,Delivery,PO,Karnataka Circle,North Karnataka Region,Ballari,21530007,21610002
Huvinahadagali S.O,583219,Delivery,PO,Karnataka Circle,North Karnataka Region,Ballari,21530007,21610002
Ittigi S.O,583220,Delivery,PO,Karnataka Circle,North Karnataka Region,Ballari,21530007,21610002
Kamalapura S.O,583221,Delivery,PO,Karnataka Circle,North Karnataka Region,Ballari,21530007,21610002
Mariammanahalli S.O,583222,Delivery,PO,Karnataka Circle,North Karnataka Region,Ballari,21530007,21610002
Papinayakanahalli S.O,583223,Delivery,PO,Karnataka Circle,North Karnataka Region,Ballari,21530007,21610002
Thambrahalli S.O,583224,Delivery,PO,Karnataka Circle,North Karnataka Region,Ballari,21530007,21610002
T B Dam S.O,583225,Delivery,PO,Karnataka Circle,North Karnataka Region,Ballari,21530007,21610002
Hampi S.O,583239,Delivery,PO,Karnataka Circle,North Karnataka Region,Ballari,21530007,21610002
Vidyanagar S.O(Ballari),583275,Delivery,PO,Karnataka Circle,North Karnataka Region,Ballari,21530007,21610002
K U Campus S.O,583276,Delivery,PO,Karnataka Circle,North Karnataka Region,Ballari,21530007,21610002
Belagavi H.O,590001,Delivery,HO,Karnataka Circle,North Karnataka Region,Belagavi,21530008,21610002
Belagavi Shahapur S.O,590003,Delivery,PO,Karnataka Circle,North Karnataka Region,Belagavi,21530008,21610002
Belagavi M. Vadgaon S.O,590005,Delivery,PO,Karnataka Circle,North Karnataka Region,Belagavi,21530008,21610002
Tilakwadi S.O,590006,Delivery,PO,Karnataka Circle,North Karnataka Region,Belagavi,21530008,21610002
Udyambag S.O,590008,Delivery,PO,Karnataka Circle,North Karnataka Region,Belagavi,21530008,21610002
Belagavi Records MLI S.O,590009,Delivery,PO,Karnataka Circle,North Karnataka Region,Belagavi,21530008,21610002
Belagavi Nehru Nagar S.O,590010,Delivery,PO,Karnataka Circle,North Karnataka Region,Belagavi,21530008,21610002
Hindawadi S.O,590011,Delivery,PO,Karnataka Circle,North Karnataka Region,Belagavi,21530008,21610002
Peeranwadi S.O,590014,Delivery,PO,Karnataka Circle,North Karnataka Region,Belagavi,21530008,21610002
Kanabargi S.O,590015,Delivery,PO,Karnataka Circle,North Karnataka Region,Belagavi,21530008,21610002
Belagavi Shivaji Nagar S.O,590016,Delivery,PO,Karnataka Circle,North Karnataka Region,Belagavi,21530008,21610002
Belagavi MalMaruti Extension S.O,590017,Delivery,PO,Karnataka Circle,North Karnataka Region,Belagavi,21530008,21610002
VTU Campus Belagavi S.O,590018,Delivery,PO,Karnataka Circle,North Karnataka Region,Belagavi,21530008,21610002
Belagavi Doordarshan Nagar S.O,590019,Delivery,PO,Karnataka Circle,North Karnataka Region,Belagavi,21530008,21610002
Suvarna Soudha Belagavi S.O,590020,Delivery,PO,Karnataka Circle,North Karnataka Region,Belagavi,21530008,21610002
Bailhongal H.O,591102,Delivery,HO,Karnataka Circle,North Karnataka Region,Belagavi,21530008,21610002
Balekundri S.O,591103,Delivery,PO,Karnataka Circle,North Karnataka Region,Belagavi,21530008,21610002
Belvadi S.O,591104,Delivery,PO,Karnataka Circle,North Karnataka Region,Belagavi,21530008,21610002
Bidi S.O,591106,Delivery,PO,Karnataka Circle,North Karnataka Region,Belagavi,21530008,21610002
Hindalga S.O,591108,Delivery,PO,Karnataka Circle,North Karnataka Region,Belagavi,21530008,21610002
Hirebagewadi S.O,591109,Delivery,PO,Karnataka Circle,North Karnataka Region,Belagavi,21530008,21610002
Hirekumbi S.O,591110,Delivery,PO,Karnataka Circle,North Karnataka Region,Belagavi,21530008,21610002
Hosur S.O (Belagavi),591111,Delivery,PO,Karnataka Circle,North Karnataka Region,Belagavi,21530008,21610002
Itagi S.O,591112,Delivery,PO,Karnataka Circle,North Karnataka Region,Belagavi,21530008,21610002
Kakati S.O,591113,Delivery,PO,Karnataka Circle,North Karnataka Region,Belagavi,21530008,21610002
Katkol S.O,591114,Delivery,PO,Karnataka Circle,North Karnataka Region,Belagavi,21530008,21610002
Kittur S.O,591115,Delivery,PO,Karnataka Circle,North Karnataka Region,Belagavi,21530008,21610002
Manoli S.O,591117,Delivery,PO,Karnataka Circle,North Karnataka Region,Belagavi,21530008,21610002
M.K.Hubballi S.O,591118,Delivery,PO,Karnataka Circle,North Karnataka Region,Belagavi,21530008,21610002
Murgod S.O,591119,Delivery,PO,Karnataka Circle,North Karnataka Region,Belagavi,21530008,21610002
Nandgad S.O,591120,Delivery,PO,Karnataka Circle,North Karnataka Region,Belagavi,21530008,21610002
Nesargi S.O,591121,Delivery,PO,Karnataka Circle,North Karnataka Region,Belagavi,21530008,21610002
Ramdurg H.O,591123,Delivery,HO,Karnataka Circle,North Karnataka Region,Belagavi,21530008,21610002
Sambra S.O,591124,Delivery,PO,Karnataka Circle,North Karnataka Region,Belagavi,21530008,21610002
Sampgaon S.O,591125,Delivery,PO,Karnataka Circle,North Karnataka Region,Belagavi,21530008,21610002
Saundatti S.O,591126,Delivery,PO,Karnataka Circle,North Karnataka Region,Belagavi,21530008,21610002
Sureban S.O,591127,Delivery,PO,Karnataka Circle,North Karnataka Region,Belagavi,21530008,21610002
Uchgaon S.O,591128,Delivery,PO,Karnataka Circle,North Karnataka Region,Belagavi,21530008,21610002
Yargatti S.O,591129,Delivery,PO,Karnataka Circle,North Karnataka Region,Belagavi,21530008,21610002
Salahalli S.O,591130,Delivery,PO,Karnataka Circle,North Karnataka Region,Belagavi,21530008,21610002
Pariswad S.O,591131,Delivery,PO,Karnataka Circle,North Karnataka Region,Belagavi,21530008,21610002
Kadoli S.O,591143,Delivery,PO,Karnataka Circle,North Karnataka Region,Belagavi,21530008,21610002
Deshnur S.O,591147,Delivery,PO,Karnataka Circle,North Karnataka Region,Belagavi,21530008,21610002
M.K.Hubballi S.F. S.O,591153,Delivery,PO,Karnataka Circle,North Karnataka Region,Belagavi,21530008,21610002
Bhutaramanahatti S.O,591156,Delivery,PO,Karnataka Circle,North Karnataka Region,Belagavi,21530008,21610002
Yallammahill S.O,591173,Delivery,PO,Karnataka Circle,North Karnataka Region,Belagavi,21530008,21610002
Londa S.O,591301,Delivery,PO,Karnataka Circle,North Karnataka Region,Belagavi,21530008,21610002
Khanapur SO Belagavi,591302,Delivery,PO,Karnataka Circle,North Karnataka Region,Belagavi,21530008,21610002
Jamboti S.O,591345,Delivery,PO,Karnataka Circle,North Karnataka Region,Belagavi,21530008,21610002
Hudli,591346,Delivery,PO,Karnataka Circle,North Karnataka Region,Belagavi,21530008,21610002
Kamthana S.O,585226,Delivery,PO,Karnataka Circle,North Karnataka Region,Bidar,21530009,21610002
Mannakhelli S.O,585227,Delivery,PO,Karnataka Circle,North Karnataka Region,Bidar,21530009,21610002
Aurad (B) S.O,585326,Delivery,PO,Karnataka Circle,North Karnataka Region,Bidar,21530009,21610002
Basavakalyan S.O,585327,Delivery,PO,Karnataka Circle,North Karnataka Region,Bidar,21530009,21610002
Bhalki S.O,585328,Delivery,PO,Karnataka Circle,North Karnataka Region,Bidar,21530009,21610002
Hoodgi S.O,585329,Delivery,PO,Karnataka Circle,North Karnataka Region,Bidar,21530009,21610002
Humnabad S.O,585330,Delivery,PO,Karnataka Circle,North Karnataka Region,Bidar,21530009,21610002
Rajeshwar S.O,585331,Delivery,PO,Karnataka Circle,North Karnataka Region,Bidar,21530009,21610002
Maniknagar S.O,585353,Delivery,PO,Karnataka Circle,North Karnataka Region,Bidar,21530009,21610002
Bidar H.O,585401,Delivery,HO,Karnataka Circle,North Karnataka Region,Bidar,21530009,21610002
Bidar G.N.Jhira S.O,585402,Delivery,PO,Karnataka Circle,North Karnataka Region,Bidar,21530009,21610002
Bidar Gandhi Gunj S.O,585403,Delivery,PO,Karnataka Circle,North Karnataka Region,Bidar,21530009,21610002
Naubad SO,585404,Delivery,PO,Karnataka Circle,North Karnataka Region,Bidar,21530009,21610002
Bhatambra S.O,585411,Delivery,PO,Karnataka Circle,North Karnataka Region,Bidar,21530009,21610002
Chitguppa S.O,585412,Delivery,PO,Karnataka Circle,North Karnataka Region,Bidar,21530009,21610002
Halbarga S.O,585413,Delivery,PO,Karnataka Circle,North Karnataka Region,Bidar,21530009,21610002
Hallikhed (B) S.O,585414,Delivery,PO,Karnataka Circle,North Karnataka Region,Bidar,21530009,21610002
Hallikhed SF S.O,585415,Delivery,PO,Karnataka Circle,North Karnataka Region,Bidar,21530009,21610002
Hulsoor S.O,585416,Delivery,PO,Karnataka Circle,North Karnataka Region,Bidar,21530009,21610002
Kamalnagar S.O,585417,Delivery,PO,Karnataka Circle,North Karnataka Region,Bidar,21530009,21610002
Dubalgundi S.O,585418,Delivery,PO,Karnataka Circle,North Karnataka Region,Bidar,21530009,21610002
Matala S.O,585419,Delivery,PO,Karnataka Circle,North Karnataka Region,Bidar,21530009,21610002
Santhpur S.O,585421,Delivery,PO,Karnataka Circle,North Karnataka Region,Bidar,21530009,21610002
Thanna Kushnoor S.O,585436,Delivery,PO,Karnataka Circle,North Karnataka Region,Bidar,21530009,21610002
Mudbi S.O,585437,Delivery,PO,Karnataka Circle,North Karnataka Region,Bidar,21530009,21610002
Mudhol (B) S.O,585443,Delivery,PO,Karnataka Circle,North Karnataka Region,Bidar,21530009,21610002
Nittur S.O,585444,Delivery,PO,Karnataka Circle,North Karnataka Region,Bidar,21530009,21610002
KOHINOOR SO,585445,Delivery,PO,Karnataka Circle,North Karnataka Region,Bidar,21530009,21610002
Chikodi H.O,591201,Delivery,HO,Karnataka Circle,North Karnataka Region,Chikodi,21530010,21610002
Akol S.O,591211,Delivery,PO,Karnataka Circle,North Karnataka Region,Chikodi,21530010,21610002
Anantpur S.O,591212,Delivery,PO,Karnataka Circle,North Karnataka Region,Chikodi,21530010,21610002
Ankali S.O,591213,Delivery,PO,Karnataka Circle,North Karnataka Region,Chikodi,21530010,21610002
Bedkihal S.O,591214,Delivery,PO,Karnataka Circle,North Karnataka Region,Chikodi,21530010,21610002
Benadi S.O,591215,Delivery,PO,Karnataka Circle,North Karnataka Region,Chikodi,21530010,21610002
Borgaon S.O (Belagavi),591216,Delivery,PO,Karnataka Circle,North Karnataka Region,Chikodi,21530010,21610002
Chinchali S.O,591217,Delivery,PO,Karnataka Circle,North Karnataka Region,Chikodi,21530010,21610002
Galataga S.O,591219,Delivery,PO,Karnataka Circle,North Karnataka Region,Chikodi,21530010,21610002
Harugeri S.O,591220,Delivery,PO,Karnataka Circle,North Karnataka Region,Chikodi,21530010,21610002
Kabbur S.O,591222,Delivery,PO,Karnataka Circle,North Karnataka Region,Chikodi,21530010,21610002
Kagvad S.O,591223,Delivery,PO,Karnataka Circle,North Karnataka Region,Chikodi,21530010,21610002
Karoshi S.O,591226,Delivery,PO,Karnataka Circle,North Karnataka Region,Chikodi,21530010,21610002
Khadaklat S.O,591228,Delivery,PO,Karnataka Circle,North Karnataka Region,Chikodi,21530010,21610002
Kognoli S.O,591229,Delivery,PO,Karnataka Circle,North Karnataka Region,Chikodi,21530010,21610002
Kokatnur S.O,591230,Delivery,PO,Karnataka Circle,North Karnataka Region,Chikodi,21530010,21610002
Madbhavi S.O,591232,Delivery,PO,Karnataka Circle,North Karnataka Region,Chikodi,21530010,21610002
Mangsuli S.O,591234,Delivery,PO,Karnataka Circle,North Karnataka Region,Chikodi,21530010,21610002
Mugalkhod S.O,591235,Delivery,PO,Karnataka Circle,North Karnataka Region,Chikodi,21530010,21610002
Nipani S.O,591237,Delivery,PO,Karnataka Circle,North Karnataka Region,Chikodi,21530010,21610002
Pattankudi S.O,591238,Delivery,PO,Karnataka Circle,North Karnataka Region,Chikodi,21530010,21610002
Sadalga S.O,591239,Delivery,PO,Karnataka Circle,North Karnataka Region,Chikodi,21530010,21610002
Satti S.O,591240,Delivery,PO,Karnataka Circle,North Karnataka Region,Chikodi,21530010,21610002
Saundalga S.O,591241,Delivery,PO,Karnataka Circle,North Karnataka Region,Chikodi,21530010,21610002
Shirguppi S.O,591242,Delivery,PO,Karnataka Circle,North Karnataka Region,Chikodi,21530010,21610002
Yaksamba S.O,591244,Delivery,PO,Karnataka Circle,North Karnataka Region,Chikodi,21530010,21610002
Chikodi Sugar Factory S.O,591247,Delivery,PO,Karnataka Circle,North Karnataka Region,Chikodi,21530010,21610002
Aigali S.O,591248,Delivery,PO,Karnataka Circle,North Karnataka Region,Chikodi,21530010,21610002
Bhoj S.O,591263,Delivery,PO,Karnataka Circle,North Karnataka Region,Chikodi,21530010,21610002
Telsang S.O,591265,Delivery,PO,Karnataka Circle,North Karnataka Region,Chikodi,21530010,21610002
Kothali S.O,591287,Delivery,PO,Karnataka Circle,North Karnataka Region,Chikodi,21530010,21610002
Ainapur S.O,591303,Delivery,PO,Karnataka Circle,North Karnataka Region,Chikodi,21530010,21610002
Athani H.O,591304,Delivery,HO,Karnataka Circle,North Karnataka Region,Chikodi,21530010,21610002
Kudchi S.O,591311,Delivery,PO,Karnataka Circle,North Karnataka Region,Chikodi,21530010,21610002
Shedbal S.O,591315,Delivery,PO,Karnataka Circle,North Karnataka Region,Chikodi,21530010,21610002
Ugarkhurd S.O,591316,Delivery,PO,Karnataka Circle,North Karnataka Region,Chikodi,21530010,21610002
Raibag S.O,591317,Delivery,PO,Karnataka Circle,North Karnataka Region,Chikodi,21530010,21610002
Dharwad H.O,580001,Delivery,HO,Karnataka Circle,North Karnataka Region,Dharwad,21530011,21610002
Dharwad Saraswatpur S.O,580002,Delivery,PO,Karnataka Circle,North Karnataka Region,Dharwad,21530011,21610002
Dharwad K V V S.O,580003,Delivery,PO,Karnataka Circle,North Karnataka Region,Dharwad,21530011,21610002
Dharwad Vidyagiri S.O,580004,Delivery,PO,Karnataka Circle,North Karnataka Region,Dharwad,21530011,21610002
Dharwad U A S S.O,580005,Delivery,PO,Karnataka Circle,North Karnataka Region,Dharwad,21530011,21610002
Dharwad M J Nagar S.O,580006,Delivery,PO,Karnataka Circle,North Karnataka Region,Dharwad,21530011,21610002
Dharwad R S S.O,580007,Delivery,PO,Karnataka Circle,North Karnataka Region,Dharwad,21530011,21610002
Dharwad K.C.Park S.O,580008,Delivery,PO,Karnataka Circle,North Karnataka Region,Dharwad,21530011,21610002
Dharwad Sattur S.O,580009,Delivery,PO,Karnataka Circle,North Karnataka Region,Dharwad,21530011,21610002
Dharwad High Court S.O,580011,Delivery,PO,Karnataka Circle,North Karnataka Region,Dharwad,21530011,21610002
Hubballi H.O,580020,Delivery,HO,Karnataka Circle,North Karnataka Region,Dharwad,21530011,21610002
Hubballi Vidyanagar S.O,580021,Delivery,PO,Karnataka Circle,North Karnataka Region,Dharwad,21530011,21610002
Hubballi Keshwapur S.O,580023,Delivery,PO,Karnataka Circle,North Karnataka Region,Dharwad,21530011,21610002
Old Hubballi S.O,580024,Delivery,PO,Karnataka Circle,North Karnataka Region,Dharwad,21530011,21610002
Hubballi Navanagar S.O,580025,Delivery,PO,Karnataka Circle,North Karnataka Region,Dharwad,21530011,21610002
Hubballi Tarihal Indl. Estate S.O,580026,Delivery,PO,Karnataka Circle,North Karnataka Region,Dharwad,21530011,21610002
Gokul S.O,580027,Delivery,PO,Karnataka Circle,North Karnataka Region,Dharwad,21530011,21610002
Hubballi Mv Galli S.O,580028,Delivery,PO,Karnataka Circle,North Karnataka Region,Dharwad,21530011,21610002
Hubballii Traffic Island S.O,580029,Delivery,PO,Karnataka Circle,North Karnataka Region,Dharwad,21530011,21610002
Hubballi Udyamnagar S.O,580030,Delivery,PO,Karnataka Circle,North Karnataka Region,Dharwad,21530011,21610002
Hubballi Eng College S.O,580031,Delivery,PO,Karnataka Circle,North Karnataka Region,Dharwad,21530011,21610002
Hubballi Vijayanagar S.O,580032,Delivery,PO,Karnataka Circle,North Karnataka Region,Dharwad,21530011,21610002
Morab S.O,580112,Delivery,PO,Karnataka Circle,North Karnataka Region,Dharwad,21530011,21610002
Dhumwad S.O,580114,Delivery,PO,Karnataka Circle,North Karnataka Region,Dharwad,21530011,21610002
Hulkoppa S.O,580118,Delivery,PO,Karnataka Circle,North Karnataka Region,Dharwad,21530011,21610002
Alnavar S.O,581103,Delivery,PO,Karnataka Circle,North Karnataka Region,Dharwad,21530011,21610002
Garag S.O,581105,Delivery,PO,Karnataka Circle,North Karnataka Region,Dharwad,21530011,21610002
Gudgeri S.O,581107,Delivery,PO,Karnataka Circle,North Karnataka Region,Dharwad,21530011,21610002
Kundgol S.O,581113,Delivery,PO,Karnataka Circle,North Karnataka Region,Dharwad,21530011,21610002
Saunshi S.O,581117,Delivery,PO,Karnataka Circle,North Karnataka Region,Dharwad,21530011,21610002
Koliwad S.O,581195,Delivery,PO,Karnataka Circle,North Karnataka Region,Dharwad,21530011,21610002
Mishrikoti S.O,581196,Delivery,PO,Karnataka Circle,North Karnataka Region,Dharwad,21530011,21610002
Amminabhavi S.O,581201,Delivery,PO,Karnataka Circle,North Karnataka Region,Dharwad,21530011,21610002
Kalghatagi S.O,581204,Delivery,PO,Karnataka Circle,North Karnataka Region,Dharwad,21530011,21610002
Uppinabetageri S.O,581206,Delivery,PO,Karnataka Circle,North Karnataka Region,Dharwad,21530011,21610002
Aralikatti S.O,581207,Delivery,PO,Karnataka Circle,North Karnataka Region,Dharwad,21530011,21610002
Hebsur S.O,581209,Delivery,PO,Karnataka Circle,North Karnataka Region,Dharwad,21530011,21610002
Annigeri S.O,582201,Delivery,PO,Karnataka Circle,North Karnataka Region,Dharwad,21530011,21610002
Navalgund S.O,582208,Delivery,PO,Karnataka Circle,North Karnataka Region,Dharwad,21530011,21610002
Gadag H.O,582101,Delivery,HO,Karnataka Circle,North Karnataka Region,Gadag,21530012,21610002
Gadag Betgeri S.O,582102,Delivery,PO,Karnataka Circle,North Karnataka Region,Gadag,21530012,21610002
Gadag City S.O,582103,Delivery,PO,Karnataka Circle,North Karnataka Region,Gadag,21530012,21610002
Abbigeri S.O,582111,Delivery,PO,Karnataka Circle,North Karnataka Region,Gadag,21530012,21610002
Bellatti S.O,582112,Delivery,PO,Karnataka Circle,North Karnataka Region,Gadag,21530012,21610002
Dambal S.O,582113,Delivery,PO,Karnataka Circle,North Karnataka Region,Gadag,21530012,21610002
Gajendragad S.O,582114,Delivery,PO,Karnataka Circle,North Karnataka Region,Gadag,21530012,21610002
Lakkundi S.O,582115,Delivery,PO,Karnataka Circle,North Karnataka Region,Gadag,21530012,21610002
Lakshmeshwar S.O,582116,Delivery,PO,Karnataka Circle,North Karnataka Region,Gadag,21530012,21610002
Mulgund S.O,582117,Delivery,PO,Karnataka Circle,North Karnataka Region,Gadag,21530012,21610002
Mundargi S.O,582118,Delivery,PO,Karnataka Circle,North Karnataka Region,Gadag,21530012,21610002
Naregal S.O,582119,Delivery,PO,Karnataka Circle,North Karnataka Region,Gadag,21530012,21610002
Shiratti S.O,582120,Delivery,PO,Karnataka Circle,North Karnataka Region,Gadag,21530012,21610002
Belvanki S.O,582202,Delivery,PO,Karnataka Circle,North Karnataka Region,Gadag,21530012,21610002
Holealur S.O,582203,Delivery,PO,Karnataka Circle,North Karnataka Region,Gadag,21530012,21610002
Hombal S.O,582204,Delivery,PO,Karnataka Circle,North Karnataka Region,Gadag,21530012,21610002
Hulkoti S.O,582205,Delivery,PO,Karnataka Circle,North Karnataka Region,Gadag,21530012,21610002
Konnur S.O (Gadag),582206,Delivery,PO,Karnataka Circle,North Karnataka Region,Gadag,21530012,21610002
Nargund S.O,582207,Delivery,PO,Karnataka Circle,North Karnataka Region,Gadag,21530012,21610002
Ron S.O,582209,Delivery,PO,Karnataka Circle,North Karnataka Region,Gadag,21530012,21610002
Shigli S.O,582210,Delivery,PO,Karnataka Circle,North Karnataka Region,Gadag,21530012,21610002
Sudi S.O,582211,Delivery,PO,Karnataka Circle,North Karnataka Region,Gadag,21530012,21610002
Alawandi S.O,583226,Delivery,PO,Karnataka Circle,North Karnataka Region,Gadag,21530012,21610002
Gangavathi S.O,583227,Delivery,PO,Karnataka Circle,North Karnataka Region,Gadag,21530012,21610002
Ginigera S.O,583228,Delivery,PO,Karnataka Circle,North Karnataka Region,Gadag,21530012,21610002
Karatgi S.O,583229,Delivery,PO,Karnataka Circle,North Karnataka Region,Gadag,21530012,21610002
Kinhal S.O,583230,Delivery,PO,Karnataka Circle,North Karnataka Region,Gadag,21530012,21610002
Koppal H.O,583231,Delivery,HO,Karnataka Circle,North Karnataka Region,Gadag,21530012,21610002
Kuknoor S.O,583232,Delivery,PO,Karnataka Circle,North Karnataka Region,Gadag,21530012,21610002
Munirabad S.O,583233,Delivery,PO,Karnataka Circle,North Karnataka Region,Gadag,21530012,21610002
Munirabad RS S.O,583234,Delivery,PO,Karnataka Circle,North Karnataka Region,Gadag,21530012,21610002
Mukkumpi BO,583235,Delivery,PO,Karnataka Circle,North Karnataka Region,Gadag,21530012,21610002
Yelburga S.O,583236,Delivery,PO,Karnataka Circle,North Karnataka Region,Gadag,21530012,21610002
Bewoor S.O,583237,Delivery,PO,Karnataka Circle,North Karnataka Region,Gadag,21530012,21610002
Bhagyanagar S.O (Koppal),583238,Delivery,PO,Karnataka Circle,North Karnataka Region,Gadag,21530012,21610002
Pragathinagar S.O,583268,Delivery,PO,Karnataka Circle,North Karnataka Region,Gadag,21530012,21610002
Kushtagi S.O,583277,Delivery,PO,Karnataka Circle,North Karnataka Region,Gadag,21530012,21610002
Dotihal S.O,583278,Delivery,PO,Karnataka Circle,North Karnataka Region,Gadag,21530012,21610002
Tavargera S.O,583279,Delivery,PO,Karnataka Circle,North Karnataka Region,Gadag,21530012,21610002
Hanumanhal S.O,583280,Delivery,PO,Karnataka Circle,North Karnataka Region,Gadag,21530012,21610002
Hanamsagar S.O,583281,Delivery,PO,Karnataka Circle,North Karnataka Region,Gadag,21530012,21610002
Sriramnagar S.O (Koppal),583282,Delivery,PO,Karnataka Circle,North Karnataka Region,Gadag,21530012,21610002
Kanakgiri S.O,583283,Delivery,PO,Karnataka Circle,North Karnataka Region,Gadag,21530012,21610002
Mudhol S.O,583284,Delivery,PO,Karnataka Circle,North Karnataka Region,Gadag,21530012,21610002
Hiresindogi S.O,583285,Delivery,PO,Karnataka Circle,North Karnataka Region,Gadag,21530012,21610002
Irkalgad S.O,583287,Delivery,PO,Karnataka Circle,North Karnataka Region,Gadag,21530012,21610002
Ankalgi S.O,591101,Delivery,PO,Karnataka Circle,North Karnataka Region,Gokak,21530013,21610002
Hidkal Dam S.O,591107,Delivery,PO,Karnataka Circle,North Karnataka Region,Gokak,21530013,21610002
Pachhapur S.O,591122,Delivery,PO,Karnataka Circle,North Karnataka Region,Gokak,21530013,21610002
Yadwad S.O,591136,Delivery,PO,Karnataka Circle,North Karnataka Region,Gokak,21530013,21610002
Lolsur S.O,591218,Delivery,PO,Karnataka Circle,North Karnataka Region,Gokak,21530013,21610002
Hebbal S.O,591221,Delivery,PO,Karnataka Circle,North Karnataka Region,Gokak,21530013,21610002
Kalloli S.O,591224,Delivery,PO,Karnataka Circle,North Karnataka Region,Gokak,21530013,21610002
Kanagala S.O (Belagavi),591225,Delivery,PO,Karnataka Circle,North Karnataka Region,Gokak,21530013,21610002
Kaujalgi S.O,591227,Delivery,PO,Karnataka Circle,North Karnataka Region,Gokak,21530013,21610002
Konnur S.O (Belagavi),591231,Delivery,PO,Karnataka Circle,North Karnataka Region,Gokak,21530013,21610002
Mamadapur S.O,591233,Delivery,PO,Karnataka Circle,North Karnataka Region,Gokak,21530013,21610002
Nidasoshi S.O,591236,Delivery,PO,Karnataka Circle,North Karnataka Region,Gokak,21530013,21610002
Thana Hattargi S.O,591243,Delivery,PO,Karnataka Circle,North Karnataka Region,Gokak,21530013,21610002
Yamakanmardi S.O,591246,Delivery,PO,Karnataka Circle,North Karnataka Region,Gokak,21530013,21610002
Daddi S.O,591254,Delivery,PO,Karnataka Circle,North Karnataka Region,Gokak,21530013,21610002
Bellad Bagewadi S.O,591305,Delivery,PO,Karnataka Circle,North Karnataka Region,Gokak,21530013,21610002
Ghataprabha RS S.O,591306,Delivery,PO,Karnataka Circle,North Karnataka Region,Gokak,21530013,21610002
Gokak H.O,591307,Delivery,HO,Karnataka Circle,North Karnataka Region,Gokak,21530013,21610002
Gokak Falls S.O,591308,Delivery,PO,Karnataka Circle,North Karnataka Region,Gokak,21530013,21610002
Hukeri S.O,591309,Delivery,PO,Karnataka Circle,North Karnataka Region,Gokak,21530013,21610002
Kulgod S.O,591310,Delivery,PO,Karnataka Circle,North Karnataka Region,Gokak,21530013,21610002
Mudalgi S.O,591312,Delivery,PO,Karnataka Circle,North Karnataka Region,Gokak,21530013,21610002
Sankeshwar S.O,591313,Delivery,PO,Karnataka Circle,North Karnataka Region,Gokak,21530013,21610002
Sankeshwar Sugar Factory S.O,591314,Delivery,PO,Karnataka Circle,North Karnataka Region,Gokak,21530013,21610002
Nerli S.O,591340,Delivery,PO,Karnataka Circle,North Karnataka Region,Gokak,21530013,21610002
Khangaon S.O,591344,Delivery,PO,Karnataka Circle,North Karnataka Region,Gokak,21530013,21610002
Adur S.O (Haveri),581101,Delivery,PO,Karnataka Circle,North Karnataka Region,Haveri,21530014,21610002
Akkialur S.O,581102,Delivery,PO,Karnataka Circle,North Karnataka Region,Haveri,21530014,21610002
Hangal S.O,581104,Delivery,PO,Karnataka Circle,North Karnataka Region,Haveri,21530014,21610002
Byadgi S.O,581106,Delivery,PO,Karnataka Circle,North Karnataka Region,Haveri,21530014,21610002
Guttal S.O,581108,Delivery,PO,Karnataka Circle,North Karnataka Region,Haveri,21530014,21610002
Haunsabhavi S.O,581109,Delivery,PO,Karnataka Circle,North Karnataka Region,Haveri,21530014,21610002
Haveri H.O,581110,Delivery,HO,Karnataka Circle,North Karnataka Region,Haveri,21530014,21610002
Hirekerur S.O,581111,Delivery,PO,Karnataka Circle,North Karnataka Region,Haveri,21530014,21610002
Karajagi S.O (Haveri),581112,Delivery,PO,Karnataka Circle,North Karnataka Region,Haveri,21530014,21610002
Ranebennur S.O,581115,Delivery,PO,Karnataka Circle,North Karnataka Region,Haveri,21530014,21610002
Rattihalli S.O,581116,Delivery,PO,Karnataka Circle,North Karnataka Region,Haveri,21530014,21610002
Savanur S.O,581118,Delivery,PO,Karnataka Circle,North Karnataka Region,Haveri,21530014,21610002
Tumminakatti S.O,581119,Delivery,PO,Karnataka Circle,North Karnataka Region,Haveri,21530014,21610002
Tilavalli S.O,581120,Delivery,PO,Karnataka Circle,North Karnataka Region,Haveri,21530014,21610002
Kumarapattanam S.O,581123,Delivery,PO,Karnataka Circle,North Karnataka Region,Haveri,21530014,21610002
Hulgur S.O,581126,Delivery,PO,Karnataka Circle,North Karnataka Region,Haveri,21530014,21610002
Agadi S.O,581128,Delivery,PO,Karnataka Circle,North Karnataka Region,Haveri,21530014,21610002
Chalageri S.O,581145,Delivery,PO,Karnataka Circle,North Karnataka Region,Haveri,21530014,21610002
Sangur S.O,581148,Delivery,PO,Karnataka Circle,North Karnataka Region,Haveri,21530014,21610002
Dhundashi S.O,581193,Delivery,PO,Karnataka Circle,North Karnataka Region,Haveri,21530014,21610002
Motebennur S.O,581198,Delivery,PO,Karnataka Circle,North Karnataka Region,Haveri,21530014,21610002
Belagalapete S.O.,581199,Delivery,PO,Karnataka Circle,North Karnataka Region,Haveri,21530014,21610002
Bankapur S.O,581202,Delivery,PO,Karnataka Circle,North Karnataka Region,Haveri,21530014,21610002
Bommanahalli S.O (Haveri),581203,Delivery,PO,Karnataka Circle,North Karnataka Region,Haveri,21530014,21610002
Shiggaon S.O,581205,Delivery,PO,Karnataka Circle,North Karnataka Region,Haveri,21530014,21610002
Halageri S.O,581208,Delivery,PO,Karnataka Circle,North Karnataka Region,Haveri,21530014,21610002
Masur S.O (Haveri),581210,Delivery,PO,Karnataka Circle,North Karnataka Region,Haveri,21530014,21610002
Medleri S.O,581211,Delivery,PO,Karnataka Circle,North Karnataka Region,Haveri,21530014,21610002
Tadas S.O,581212,Delivery,PO,Karnataka Circle,North Karnataka Region,Haveri,21530014,21610002
Hosaritti S.O,581213,Delivery,PO,Karnataka Circle,North Karnataka Region,Haveri,21530014,21610002
Kadkol S.O,581237,Delivery,PO,Karnataka Circle,North Karnataka Region,Haveri,21530014,21610002
Kalaburagi H.O,585101,Delivery,HO,Karnataka Circle,North Karnataka Region,Kalaburagi,21530015,21610002
GB RS S.O,585102,Delivery,PO,Karnataka Circle,North Karnataka Region,Kalaburagi,21530015,21610002
GB Bahamanipura S.O,585103,Delivery,PO,Karnataka Circle,North Karnataka Region,Kalaburagi,21530015,21610002
GB N Gunj S.O,585104,Delivery,PO,Karnataka Circle,North Karnataka Region,Kalaburagi,21530015,21610002
GB Ggh S.O,585105,Delivery,PO,Karnataka Circle,North Karnataka Region,Kalaburagi,21530015,21610002
GB Jnanaganga S.O,585106,Delivery,PO,Karnataka Circle,North Karnataka Region,Kalaburagi,21530015,21610002
Kalaburagi HCB S.O,585107,Delivery,PO,Karnataka Circle,North Karnataka Region,Kalaburagi,21530015,21610002
Yadgiri H.O,585201,Delivery,HO,Karnataka Circle,North Karnataka Region,Yadagiri,21530021,21610002
Yadgiri Station S.O,585202,Delivery,PO,Karnataka Circle,North Karnataka Region,Yadagiri,21530021,21610002
Kurkunta C.F S.O,585210,Delivery,PO,Karnataka Circle,North Karnataka Region,Yadagiri,21530021,21610002
Chittapur S.O,585211,Delivery,PO,Karnataka Circle,North Karnataka Region,Yadagiri,21530021,21610002
Ghanagapur T S.O,585212,Delivery,PO,Karnataka Circle,North Karnataka Region,Kalaburagi,21530015,21610002
Station Ghanagapur S.O,585213,Delivery,PO,Karnataka Circle,North Karnataka Region,Kalaburagi,21530015,21610002
Gurmitkal S.O,585214,Delivery,PO,Karnataka Circle,North Karnataka Region,Yadagiri,21530021,21610002
Hunasgi S.O,585215,Delivery,PO,Karnataka Circle,North Karnataka Region,Yadagiri,21530021,21610002
Kembhavi S.O,585216,Delivery,PO,Karnataka Circle,North Karnataka Region,Yadagiri,21530021,21610002
Mashal S.O,585217,Delivery,PO,Karnataka Circle,North Karnataka Region,Kalaburagi,21530015,21610002
Nalwar S.O,585218,Delivery,PO,Karnataka Circle,North Karnataka Region,Kalaburagi,21530015,21610002
Narayanpur S.O (Yadgir),585219,Delivery,PO,Karnataka Circle,North Karnataka Region,Yadagiri,21530021,21610002
Rangampeth S.O,585220,Delivery,PO,Karnataka Circle,North Karnataka Region,Yadagiri,21530021,21610002
Saidapur S.O (Yadgir),585221,Delivery,PO,Karnataka Circle,North Karnataka Region,Yadagiri,21530021,21610002
Sedam S.O,585222,Delivery,PO,Karnataka Circle,North Karnataka Region,Yadagiri,21530021,21610002
Shahapur S.O (Yadgir),585223,Delivery,PO,Karnataka Circle,North Karnataka Region,Yadagiri,21530021,21610002
Shorapur S.O,585224,Delivery,PO,Karnataka Circle,North Karnataka Region,Yadagiri,21530021,21610002
Wadi S.O (Kalaburagi),585225,Delivery,PO,Karnataka Circle,North Karnataka Region,Kalaburagi,21530015,21610002
Shahabad S.O (Kalaburagi),585228,Delivery,PO,Karnataka Circle,North Karnataka Region,Kalaburagi,21530015,21610002
Shahabad ACC S.O,585229,Delivery,PO,Karnataka Circle,North Karnataka Region,Kalaburagi,21530015,21610002
Nimbal S.O,585236,Delivery,PO,Karnataka Circle,North Karnataka Region,Kalaburagi,21530015,21610002
Kodekal S.O,585237,Delivery,PO,Karnataka Circle,North Karnataka Region,Yadagiri,21530021,21610002
Gobbur S.O,585265,Delivery,PO,Karnataka Circle,North Karnataka Region,Kalaburagi,21530015,21610002
Bheemarayanagudi S.O,585287,Delivery,PO,Karnataka Circle,North Karnataka Region,Yadagiri,21530021,21610002
Kumbarpeth S.O,585290,Delivery,PO,Karnataka Circle,North Karnataka Region,Yadagiri,21530021,21610002
Rajankollur S.O,585291,Delivery,PO,Karnataka Circle,North Karnataka Region,Yadagiri,21530021,21610002
Malkhed Road S.O,585292,Delivery,PO,Karnataka Circle,North Karnataka Region,Yadagiri,21530021,21610002
Afjalpur S.O,585301,Delivery,PO,Karnataka Circle,North Karnataka Region,Kalaburagi,21530015,21610002
Alund S.O,585302,Delivery,PO,Karnataka Circle,North Karnataka Region,Kalaburagi,21530015,21610002
Andola S.O,585303,Delivery,PO,Karnataka Circle,North Karnataka Region,Kalaburagi,21530015,21610002
Bijaspur S.O,585304,Delivery,PO,Karnataka Circle,North Karnataka Region,Yadagiri,21530021,21610002
Chandapur S.O (Kalaburagi),585305,Delivery,PO,Karnataka Circle,North Karnataka Region,Kalaburagi,21530015,21610002
Chimmanchod S.O,585306,Delivery,PO,Karnataka Circle,North Karnataka Region,Kalaburagi,21530015,21610002
Chincholi S.O,585307,Delivery,PO,Karnataka Circle,North Karnataka Region,Kalaburagi,21530015,21610002
Farhatabad S.O,585308,Delivery,PO,Karnataka Circle,North Karnataka Region,Kalaburagi,21530015,21610002
Gogi S.O,585309,Delivery,PO,Karnataka Circle,North Karnataka Region,Yadagiri,21530021,21610002
Jewargi S.O,585310,Delivery,PO,Karnataka Circle,North Karnataka Region,Kalaburagi,21530015,21610002
Kadaganchi S.O,585311,Delivery,PO,Karnataka Circle,North Karnataka Region,Kalaburagi,21530015,21610002
Kalgi S.O,585312,Delivery,PO,Karnataka Circle,North Karnataka Region,Kalaburagi,21530015,21610002
Kamalapur S.O (Kalaburagi),585313,Delivery,PO,Karnataka Circle,North Karnataka Region,Kalaburagi,21530015,21610002
Khajuri S.O (Kalaburagi),585314,Delivery,PO,Karnataka Circle,North Karnataka Region,Kalaburagi,21530015,21610002
Madhwar S.O,585315,Delivery,PO,Karnataka Circle,North Karnataka Region,Yadagiri,21530021,21610002
Mahagaon (Kalaburagi) S.O,585316,Delivery,PO,Karnataka Circle,North Karnataka Region,Kalaburagi,21530015,21610002
Malkhed S.O,585317,Delivery,PO,Karnataka Circle,North Karnataka Region,Yadagiri,21530021,21610002
Mudhol (Kalaburagi) S.O,585318,Delivery,PO,Karnataka Circle,North Karnataka Region,Yadagiri,21530021,21610002
Naikal S.O,585319,Delivery,PO,Karnataka Circle,North Karnataka Region,Yadagiri,21530021,21610002
Nidgunda S.O,585320,Delivery,PO,Karnataka Circle,North Karnataka Region,Kalaburagi,21530015,21610002
Ramasamudra S.O (Yadgir),585321,Delivery,PO,Karnataka Circle,North Karnataka Region,Yadagiri,21530021,21610002
Ratkal S.O,585322,Delivery,PO,Karnataka Circle,North Karnataka Region,Kalaburagi,21530015,21610002
Sagar S.O,585323,Delivery,PO,Karnataka Circle,North Karnataka Region,Yadagiri,21530021,21610002
Sulahpeth S.O,585324,Delivery,PO,Karnataka Circle,North Karnataka Region,Kalaburagi,21530015,21610002
Yedrami S.O,585325,Delivery,PO,Karnataka Circle,North Karnataka Region,Kalaburagi,21530015,21610002
Wadgera S.O,585355,Delivery,PO,Karnataka Circle,North Karnataka Region,Yadagiri,21530021,21610002
"Central University of Karnataka,Kad",585367,Delivery,PO,Karnataka Circle,North Karnataka Region,Kalaburagi,21530015,21610002
Karwar H.O,581301,Delivery,HO,Karnataka Circle,North Karnataka Region,Karwar,21530016,21610002
Karwar Baitkhol S.O,581302,Delivery,PO,Karnataka Circle,North Karnataka Region,Karwar,21530016,21610002
Kodibag S.O,581303,Delivery,PO,Karnataka Circle,North Karnataka Region,Karwar,21530016,21610002
Nandangadda S.O,581304,Delivery,PO,Karnataka Circle,North Karnataka Region,Karwar,21530016,21610002
Habbuwada S.O,581306,Delivery,PO,Karnataka Circle,North Karnataka Region,Karwar,21530016,21610002
Binaga S.O,581307,Delivery,PO,Karnataka Circle,North Karnataka Region,Karwar,21530016,21610002
Karwar Naval Base S.O,581308,Delivery,PO,Karnataka Circle,North Karnataka Region,Karwar,21530016,21610002
Ankola S.O,581314,Delivery,PO,Karnataka Circle,North Karnataka Region,Karwar,21530016,21610002
Aversa S.O,581316,Delivery,PO,Karnataka Circle,North Karnataka Region,Karwar,21530016,21610002
Asnoti S.O,581317,Delivery,PO,Karnataka Circle,North Karnataka Region,Karwar,21530016,21610002
Bankikodla S.O,581319,Delivery,PO,Karnataka Circle,North Karnataka Region,Karwar,21530016,21610002
Bhatkal S.O,581320,Delivery,PO,Karnataka Circle,North Karnataka Region,Karwar,21530016,21610002
Belekeri S.O,581321,Delivery,PO,Karnataka Circle,North Karnataka Region,Karwar,21530016,21610002
Chandavar S.O,581323,Delivery,PO,Karnataka Circle,North Karnataka Region,Karwar,21530016,21610002
Chendiye S.O,581324,Delivery,PO,Karnataka Circle,North Karnataka Region,Karwar,21530016,21610002
Gokarn S.O,581326,Delivery,PO,Karnataka Circle,North Karnataka Region,Karwar,21530016,21610002
Haldipur S.O,581327,Delivery,PO,Karnataka Circle,North Karnataka Region,Karwar,21530016,21610002
Halge S.O,581328,Delivery,PO,Karnataka Circle,North Karnataka Region,Karwar,21530016,21610002
Hegde S.O,581330,Delivery,PO,Karnataka Circle,North Karnataka Region,Karwar,21530016,21610002
Herwatta S.O,581332,Delivery,PO,Karnataka Circle,North Karnataka Region,Karwar,21530016,21610002
Hiregutti S.O,581333,Delivery,PO,Karnataka Circle,North Karnataka Region,Karwar,21530016,21610002
Honavar S.O,581334,Delivery,PO,Karnataka Circle,North Karnataka Region,Karwar,21530016,21610002
Hosad S.O,581335,Delivery,PO,Karnataka Circle,North Karnataka Region,Karwar,21530016,21610002
Kadtoka S.O,581338,Delivery,PO,Karnataka Circle,North Karnataka Region,Karwar,21530016,21610002
Kadwad S.O,581339,Delivery,PO,Karnataka Circle,North Karnataka Region,Karwar,21530016,21610002
Karki S.O,581341,Delivery,PO,Karnataka Circle,North Karnataka Region,Karwar,21530016,21610002
Kasarkod S.O,581342,Delivery,PO,Karnataka Circle,North Karnataka Region,Karwar,21530016,21610002
Kumta H.O,581343,Delivery,HO,Karnataka Circle,North Karnataka Region,Karwar,21530016,21610002
Madangeri S.O,581344,Delivery,PO,Karnataka Circle,North Karnataka Region,Karwar,21530016,21610002
Majali S.O,581345,Delivery,PO,Karnataka Circle,North Karnataka Region,Karwar,21530016,21610002
Manki S.O,581348,Delivery,PO,Karnataka Circle,North Karnataka Region,Karwar,21530016,21610002
Murdeshwar S.O,581350,Delivery,PO,Karnataka Circle,North Karnataka Region,Karwar,21530016,21610002
Gudeangadi S.O,581351,Delivery,PO,Karnataka Circle,North Karnataka Region,Karwar,21530016,21610002
Sadashivgad S.O,581352,Delivery,PO,Karnataka Circle,North Karnataka Region,Karwar,21530016,21610002
Shetgeri S.O,581353,Delivery,PO,Karnataka Circle,North Karnataka Region,Karwar,21530016,21610002
Shirali S.O,581354,Delivery,PO,Karnataka Circle,North Karnataka Region,Karwar,21530016,21610002
Vandige S.O,581357,Delivery,PO,Karnataka Circle,North Karnataka Region,Karwar,21530016,21610002
Angadi S.O (Uttara Kannada),581360,Delivery,PO,Karnataka Circle,North Karnataka Region,Karwar,21530016,21610002
Hadinbal S.O,581361,Delivery,PO,Karnataka Circle,North Karnataka Region,Karwar,21530016,21610002
Kumta Kanara College Road S.O,581362,Delivery,PO,Karnataka Circle,North Karnataka Region,Karwar,21530016,21610002
Gersoppa Jyothinagar S.O,581384,Delivery,PO,Karnataka Circle,North Karnataka Region,Karwar,21530016,21610002
Kadra S.O,581396,Delivery,PO,Karnataka Circle,North Karnataka Region,Karwar,21530016,21610002
Kaiga S.O,581400,Delivery,PO,Karnataka Circle,North Karnataka Region,Karwar,21530016,21610002
Kaikini S.O,581421,Delivery,PO,Karnataka Circle,North Karnataka Region,Karwar,21530016,21610002
Melin Idgunji S.O,581423,Delivery,PO,Karnataka Circle,North Karnataka Region,Karwar,21530016,21610002
Mirjan S.O,581440,Delivery,PO,Karnataka Circle,North Karnataka Region,Karwar,21530016,21610002
Raichur H.O,584101,Delivery,HO,Karnataka Circle,North Karnataka Region,Raichur,21530018,21610002
Raichur Mukram Gunj S.O,584102,Delivery,PO,Karnataka Circle,North Karnataka Region,Raichur,21530018,21610002
Raichur Jawahar Nagar S.O,584103,Delivery,PO,Karnataka Circle,North Karnataka Region,Raichur,21530018,21610002
Raichur UAS S.O,584104,Delivery,PO,Karnataka Circle,North Karnataka Region,Raichur,21530018,21610002
Deodurga S.O,584111,Delivery,PO,Karnataka Circle,North Karnataka Region,Raichur,21530018,21610002
Gabbur S.O,584113,Delivery,PO,Karnataka Circle,North Karnataka Region,Raichur,21530018,21610002
Hutti S.O,584115,Delivery,PO,Karnataka Circle,North Karnataka Region,Raichur,21530018,21610002
Jalahalli S.O,584116,Delivery,PO,Karnataka Circle,North Karnataka Region,Raichur,21530018,21610002
Kallur S.O (Raichur),584118,Delivery,PO,Karnataka Circle,North Karnataka Region,Raichur,21530018,21610002
Kowthal S.O,584120,Delivery,PO,Karnataka Circle,North Karnataka Region,Raichur,21530018,21610002
Lingasugur S.O,584122,Delivery,PO,Karnataka Circle,North Karnataka Region,Raichur,21530018,21610002
Manvi S.O,584123,Delivery,PO,Karnataka Circle,North Karnataka Region,Raichur,21530018,21610002
Maski S.O,584124,Delivery,PO,Karnataka Circle,North Karnataka Region,Raichur,21530018,21610002
Mudgal S.O,584125,Delivery,PO,Karnataka Circle,North Karnataka Region,Raichur,21530018,21610002
Mosarkal S.O,584126,Delivery,PO,Karnataka Circle,North Karnataka Region,Raichur,21530018,21610002
Rodalbanda S.O,584127,Delivery,PO,Karnataka Circle,North Karnataka Region,Raichur,21530018,21610002
Sindhanur S.O,584128,Delivery,PO,Karnataka Circle,North Karnataka Region,Raichur,21530018,21610002
Sirwar S.O,584129,Delivery,PO,Karnataka Circle,North Karnataka Region,Raichur,21530018,21610002
Turvihal S.O,584132,Delivery,PO,Karnataka Circle,North Karnataka Region,Raichur,21530018,21610002
Yergera S.O,584133,Delivery,PO,Karnataka Circle,North Karnataka Region,Raichur,21530018,21610002
Yeramarus S.O,584134,Delivery,PO,Karnataka Circle,North Karnataka Region,Raichur,21530018,21610002
Yeramarus Camp S.O,584135,Delivery,PO,Karnataka Circle,North Karnataka Region,Raichur,21530018,21610002
Kalmala S.O,584136,Delivery,PO,Karnataka Circle,North Karnataka Region,Raichur,21530018,21610002
Balaganur S.O,584138,Delivery,PO,Karnataka Circle,North Karnataka Region,Raichur,21530018,21610002
Gurgunta S.O,584139,Delivery,PO,Karnataka Circle,North Karnataka Region,Raichur,21530018,21610002
Gunjahalli S.O,584140,Delivery,PO,Karnataka Circle,North Karnataka Region,Raichur,21530018,21610002
Jawalgera S.O,584143,Delivery,PO,Karnataka Circle,North Karnataka Region,Raichur,21530018,21610002
Dhadesugur S.O,584167,Delivery,PO,Karnataka Circle,North Karnataka Region,Raichur,21530018,21610002
Shaktinagar S.O (Raichur),584170,Delivery,PO,Karnataka Circle,North Karnataka Region,Raichur,21530018,21610002
Matmari S.O,584202,Delivery,PO,Karnataka Circle,North Karnataka Region,Raichur,21530018,21610002
Kurdi S.O,584203,Delivery,PO,Karnataka Circle,North Karnataka Region,Raichur,21530018,21610002
Castlerock S.O,581121,Delivery,PO,Karnataka Circle,North Karnataka Region,Sirsi,21530019,21610002
Jagalbet S.O,581129,Delivery,PO,Karnataka Circle,North Karnataka Region,Sirsi,21530019,21610002
Joida S.O,581186,Delivery,PO,Karnataka Circle,North Karnataka Region,Sirsi,21530019,21610002
Kumbarwada S.O,581187,Delivery,PO,Karnataka Circle,North Karnataka Region,Sirsi,21530019,21610002
Aminalli S.O,581315,Delivery,PO,Karnataka Circle,North Karnataka Region,Sirsi,21530019,21610002
Banavasi S.O,581318,Delivery,PO,Karnataka Circle,North Karnataka Region,Sirsi,21530019,21610002
Bilgi S.O (Uttara Kannada),581322,Delivery,PO,Karnataka Circle,North Karnataka Region,Sirsi,21530019,21610002
Dandeli S.O,581325,Delivery,PO,Karnataka Circle,North Karnataka Region,Sirsi,21530019,21610002
Haliyal S.O,581329,Delivery,PO,Karnataka Circle,North Karnataka Region,Sirsi,21530019,21610002
Heggarni S.O,581331,Delivery,PO,Karnataka Circle,North Karnataka Region,Sirsi,21530019,21610002
Hulekal S.O,581336,Delivery,PO,Karnataka Circle,North Karnataka Region,Sirsi,21530019,21610002
Idgundi S.O,581337,Delivery,PO,Karnataka Circle,North Karnataka Region,Sirsi,21530019,21610002
Kansur S.O,581340,Delivery,PO,Karnataka Circle,North Karnataka Region,Sirsi,21530019,21610002
Malgi S.O,581346,Delivery,PO,Karnataka Circle,North Karnataka Region,Sirsi,21530019,21610002
Manchikeri S.O,581347,Delivery,PO,Karnataka Circle,North Karnataka Region,Sirsi,21530019,21610002
Mundgod S.O,581349,Delivery,PO,Karnataka Circle,North Karnataka Region,Sirsi,21530019,21610002
Siddapur S.O,581355,Delivery,PO,Karnataka Circle,North Karnataka Region,Sirsi,21530019,21610002
Tergaon S.O,581356,Delivery,PO,Karnataka Circle,North Karnataka Region,Sirsi,21530019,21610002
Yekkambi S.O,581358,Delivery,PO,Karnataka Circle,North Karnataka Region,Sirsi,21530019,21610002
Yellapur S.O,581359,Delivery,PO,Karnataka Circle,North Karnataka Region,Sirsi,21530019,21610002
Ambikanagar S.O,581363,Delivery,PO,Karnataka Circle,North Karnataka Region,Sirsi,21530019,21610002
Ganeshgudi S.O,581365,Delivery,PO,Karnataka Circle,North Karnataka Region,Sirsi,21530019,21610002
Sirsi H.O,581401,Delivery,HO,Karnataka Circle,North Karnataka Region,Sirsi,21530019,21610002
Sirsi Market S.O,581402,Delivery,PO,Karnataka Circle,North Karnataka Region,Sirsi,21530019,21610002
Nilekani S.O,581403,Delivery,PO,Karnataka Circle,North Karnataka Region,Sirsi,21530019,21610002
Tibetan Colony S.O,581411,Delivery,PO,Karnataka Circle,North Karnataka Region,Sirsi,21530019,21610002
Kirwatti S.O,581412,Delivery,PO,Karnataka Circle,North Karnataka Region,Sirsi,21530019,21610002
Neggu S.O,581450,Delivery,PO,Karnataka Circle,North Karnataka Region,Sirsi,21530019,21610002
Ramnagar S.O (Uttara Kannada),581453,Delivery,PO,Karnataka Circle,North Karnataka Region,Sirsi,21530019,21610002
Vijayapura H.O,586101,Delivery,HO,Karnataka Circle,North Karnataka Region,Vijayapura,21530020,21610002
Vijayapura Vijaya College S.O,586103,Delivery,PO,Karnataka Circle,North Karnataka Region,Vijayapura,21530020,21610002
Vijayapura Railway Station S.O,586104,Delivery,PO,Karnataka Circle,North Karnataka Region,Vijayapura,21530020,21610002
Vijayapura Amc S.O,586108,Delivery,PO,Karnataka Circle,North Karnataka Region,Vijayapura,21530020,21610002
Vijayapura Jalanagar S.O,586109,Delivery,PO,Karnataka Circle,North Karnataka Region,Vijayapura,21530020,21610002
Agarkhed S.O,586111,Delivery,PO,Karnataka Circle,North Karnataka Region,Vijayapura,21530020,21610002
Atharga S.O,586112,Delivery,PO,Karnataka Circle,North Karnataka Region,Vijayapura,21530020,21610002
Bableshwar S.O,586113,Delivery,PO,Karnataka Circle,North Karnataka Region,Vijayapura,21530020,21610002
Bijjargi S.O,586114,Delivery,PO,Karnataka Circle,North Karnataka Region,Vijayapura,21530020,21610002
Devar Hippargi S.O,586115,Delivery,PO,Karnataka Circle,North Karnataka Region,Vijayapura,21530020,21610002
Dhavalgi S.O,586116,Delivery,PO,Karnataka Circle,North Karnataka Region,Vijayapura,21530020,21610002
Horti S.O,586117,Delivery,PO,Karnataka Circle,North Karnataka Region,Vijayapura,21530020,21610002
Kalkeri S.O,586118,Delivery,PO,Karnataka Circle,North Karnataka Region,Vijayapura,21530020,21610002
Kannur S.O,586119,Delivery,PO,Karnataka Circle,North Karnataka Region,Vijayapura,21530020,21610002
Korwar S.O,586120,Delivery,PO,Karnataka Circle,North Karnataka Region,Vijayapura,21530020,21610002
Kudgi S.O,586121,Delivery,PO,Karnataka Circle,North Karnataka Region,Vijayapura,21530020,21610002
Mangoli S.O,586122,Delivery,PO,Karnataka Circle,North Karnataka Region,Vijayapura,21530020,21610002
Moratgi S.O,586123,Delivery,PO,Karnataka Circle,North Karnataka Region,Vijayapura,21530020,21610002
Nalatwad S.O,586124,Delivery,PO,Karnataka Circle,North Karnataka Region,Vijayapura,21530020,21610002
Sarwad S.O,586125,Delivery,PO,Karnataka Circle,North Karnataka Region,Vijayapura,21530020,21610002
Shivangi S.O,586127,Delivery,PO,Karnataka Circle,North Karnataka Region,Vijayapura,21530020,21610002
Sindgi S.O,586128,Delivery,PO,Karnataka Circle,North Karnataka Region,Vijayapura,21530020,21610002
Tangadgi S.O,586129,Delivery,PO,Karnataka Circle,North Karnataka Region,Vijayapura,21530020,21610002
Tikota S.O,586130,Delivery,PO,Karnataka Circle,North Karnataka Region,Vijayapura,21530020,21610002
Almatti  Damsite S.O,586201,Delivery,PO,Karnataka Circle,North Karnataka Region,Vijayapura,21530020,21610002
Almel S.O,586202,Delivery,PO,Karnataka Circle,North Karnataka Region,Vijayapura,21530020,21610002
Basavan Bagewadi S.O,586203,Delivery,PO,Karnataka Circle,North Karnataka Region,Vijayapura,21530020,21610002
Bardol S.O (Vijayapura(KAR)),586204,Delivery,PO,Karnataka Circle,North Karnataka Region,Vijayapura,21530020,21610002
Chadchan S.O,586205,Delivery,PO,Karnataka Circle,North Karnataka Region,Vijayapura,21530020,21610002
Devangaon S.O,586206,Delivery,PO,Karnataka Circle,North Karnataka Region,Vijayapura,21530020,21610002
Halsangi S.O,586207,Delivery,PO,Karnataka Circle,North Karnataka Region,Vijayapura,21530020,21610002
Huvin Hippargi S.O,586208,Delivery,PO,Karnataka Circle,North Karnataka Region,Vijayapura,21530020,21610002
Indi S.O,586209,Delivery,PO,Karnataka Circle,North Karnataka Region,Vijayapura,21530020,21610002
Kolhar S.O (Vijayapura(KAR)),586210,Delivery,PO,Karnataka Circle,North Karnataka Region,Vijayapura,21530020,21610002
Lachyan S.O,586211,Delivery,PO,Karnataka Circle,North Karnataka Region,Vijayapura,21530020,21610002
Muddebiahl S.O,586212,Delivery,PO,Karnataka Circle,North Karnataka Region,Vijayapura,21530020,21610002
Nidgundi S.O,586213,Delivery,PO,Karnataka Circle,North Karnataka Region,Vijayapura,21530020,21610002
Talikoti S.O,586214,Delivery,PO,Karnataka Circle,North Karnataka Region,Vijayapura,21530020,21610002
Tamba S.O,586215,Delivery,PO,Karnataka Circle,North Karnataka Region,Vijayapura,21530020,21610002
Telgi S.O,586216,Delivery,PO,Karnataka Circle,North Karnataka Region,Vijayapura,21530020,21610002
Salotgi S.O,586217,Delivery,PO,Karnataka Circle,North Karnataka Region,Vijayapura,21530020,21610002
Chikkamagaluru H.O,577101,Delivery,HO,Karnataka Circle,South Karnataka Region,Chikkamagaluru,215300022,21610003
Jyothinagar S.O (Chikkamagaluru),577102,Delivery,PO,Karnataka Circle,South Karnataka Region,Chikkamagaluru,215300022,21610003
Aldur S.O,577111,Delivery,PO,Karnataka Circle,South Karnataka Region,Chikkamagaluru,215300022,21610003
Balehonnur S.O,577112,Delivery,PO,Karnataka Circle,South Karnataka Region,Chikkamagaluru,215300022,21610003
Banakal S.O,577113,Delivery,PO,Karnataka Circle,South Karnataka Region,Chikkamagaluru,215300022,21610003
Basarikatte S.O,577114,Delivery,PO,Karnataka Circle,South Karnataka Region,Chikkamagaluru,215300022,21610003
Birur S.O,577116,Delivery,PO,Karnataka Circle,South Karnataka Region,Chikkamagaluru,215300022,21610003
C.R.Station S.O,577117,Delivery,PO,Karnataka Circle,South Karnataka Region,Chikkamagaluru,215300022,21610003
Hariharapura S.O,577120,Delivery,PO,Karnataka Circle,South Karnataka Region,Chikkamagaluru,215300022,21610003
Hirebyle S.O,577121,Delivery,PO,Karnataka Circle,South Karnataka Region,Chikkamagaluru,215300022,21610003
Javali S.O,577122,Delivery,PO,Karnataka Circle,South Karnataka Region,Chikkamagaluru,215300022,21610003
Jayapura S.O,577123,Delivery,PO,Karnataka Circle,South Karnataka Region,Chikkamagaluru,215300022,21610003
Kalasa S.O,577124,Delivery,PO,Karnataka Circle,South Karnataka Region,Chikkamagaluru,215300022,21610003
Kammaradi S.O,577125,Delivery,PO,Karnataka Circle,South Karnataka Region,Chikkamagaluru,215300022,21610003
Koppa H.O,577126,Delivery,HO,Karnataka Circle,South Karnataka Region,Chikkamagaluru,215300022,21610003
Kudregundi S.O,577127,Delivery,PO,Karnataka Circle,South Karnataka Region,Chikkamagaluru,215300022,21610003
Lakkavalli S.O,577128,Delivery,PO,Karnataka Circle,South Karnataka Region,Chikkamagaluru,215300022,21610003
Lingadahalli S.O,577129,Delivery,PO,Karnataka Circle,South Karnataka Region,Chikkamagaluru,215300022,21610003
Mallandur S.O,577130,Delivery,PO,Karnataka Circle,South Karnataka Region,Chikkamagaluru,215300022,21610003
Mallenahalli S.O,577131,Delivery,PO,Karnataka Circle,South Karnataka Region,Chikkamagaluru,215300022,21610003
Mudigere S.O,577132,Delivery,PO,Karnataka Circle,South Karnataka Region,Chikkamagaluru,215300022,21610003
Mugthihalli S.O,577133,Delivery,PO,Karnataka Circle,South Karnataka Region,Chikkamagaluru,215300022,21610003
Narasimharajapura S.O,577134,Delivery,PO,Karnataka Circle,South Karnataka Region,Chikkamagaluru,215300022,21610003
Sakrepatna S.O,577135,Delivery,PO,Karnataka Circle,South Karnataka Region,Chikkamagaluru,215300022,21610003
Sangameshwarapete S.O,577136,Delivery,PO,Karnataka Circle,South Karnataka Region,Chikkamagaluru,215300022,21610003
Santaveri S.O,577137,Delivery,PO,Karnataka Circle,South Karnataka Region,Chikkamagaluru,215300022,21610003
Singatagere S.O,577138,Delivery,PO,Karnataka Circle,South Karnataka Region,Chikkamagaluru,215300022,21610003
Sringeri S.O,577139,Delivery,PO,Karnataka Circle,South Karnataka Region,Chikkamagaluru,215300022,21610003
Yagati S.O,577140,Delivery,PO,Karnataka Circle,South Karnataka Region,Chikkamagaluru,215300022,21610003
Rangenahalli S.O,577144,Delivery,PO,Karnataka Circle,South Karnataka Region,Chikkamagaluru,215300022,21610003
Bukkambudhi S.O,577145,Delivery,PO,Karnataka Circle,South Karnataka Region,Chikkamagaluru,215300022,21610003
Kalasapura S.O,577146,Delivery,PO,Karnataka Circle,South Karnataka Region,Chikkamagaluru,215300022,21610003
Magundi S.O,577160,Delivery,PO,Karnataka Circle,South Karnataka Region,Chikkamagaluru,215300022,21610003
Uddeboranahalli S.O,577168,Delivery,PO,Karnataka Circle,South Karnataka Region,Chikkamagaluru,215300022,21610003
Devanur S.O,577175,Delivery,PO,Karnataka Circle,South Karnataka Region,Chikkamagaluru,215300022,21610003
Balehole S.O,577179,Delivery,PO,Karnataka Circle,South Karnataka Region,Chikkamagaluru,215300022,21610003
Chowlahiriyur S.O,577180,Delivery,PO,Karnataka Circle,South Karnataka Region,Chikkamagaluru,215300022,21610003
Horanadu S.O,577181,Delivery,PO,Karnataka Circle,South Karnataka Region,Chikkamagaluru,215300022,21610003
Panchanahalli S.O,577182,Delivery,PO,Karnataka Circle,South Karnataka Region,Chikkamagaluru,215300022,21610003
Tarikere S.O,577228,Delivery,PO,Karnataka Circle,South Karnataka Region,Chikkamagaluru,215300022,21610003
Ajjampura S.O,577547,Delivery,PO,Karnataka Circle,South Karnataka Region,Chikkamagaluru,215300022,21610003
Kadur S.O,577548,Delivery,PO,Karnataka Circle,South Karnataka Region,Chikkamagaluru,215300022,21610003
Sivane S.O,577549,Delivery,PO,Karnataka Circle,South Karnataka Region,Chikkamagaluru,215300022,21610003
Sollapura S.O,577550,Delivery,PO,Karnataka Circle,South Karnataka Region,Chikkamagaluru,215300022,21610003
Davangere H.O,577001,Delivery,HO,Karnataka Circle,South Karnataka Region,Davanagere,21530024,21610003
Jayadeva Circle Davanagere S.O,577002,Delivery,PO,Karnataka Circle,South Karnataka Region,Davanagere,21530024,21610003
Rm Yard  Davanagere S.O,577003,Delivery,PO,Karnataka Circle,South Karnataka Region,Davanagere,21530024,21610003
Southern Extension DVG S.O,577004,Delivery,PO,Karnataka Circle,South Karnataka Region,Davanagere,21530024,21610003
Bapuji Vidyanagara S.O,577005,Delivery,PO,Karnataka Circle,South Karnataka Region,Davanagere,21530024,21610003
Devaraj Urs Layout Dvg S.O,577006,Delivery,PO,Karnataka Circle,South Karnataka Region,Davanagere,21530024,21610003
Davangere University Campus S.O,577007,Delivery,PO,Karnataka Circle,South Karnataka Region,Davanagere,21530024,21610003
Chitradurga H.O,577501,Delivery,HO,Karnataka Circle,South Karnataka Region,Chitradurga,21530023,21610003
Station Road chitradurga S.O,577502,Delivery,PO,Karnataka Circle,South Karnataka Region,Chitradurga,21530023,21610003
Adivala S.O,577511,Delivery,PO,Karnataka Circle,South Karnataka Region,Chitradurga,21530023,21610003
Anaji S.O,577512,Delivery,PO,Karnataka Circle,South Karnataka Region,Davanagere,21530024,21610003
Asagodu S.O,577513,Delivery,PO,Karnataka Circle,South Karnataka Region,Davanagere,21530024,21610003
Bada S.O,577514,Delivery,PO,Karnataka Circle,South Karnataka Region,Davanagere,21530024,21610003
Bagur S.O (Chitradurga),577515,Delivery,PO,Karnataka Circle,South Karnataka Region,Chitradurga,21530023,21610003
Bhanuvally S.O,577516,Delivery,PO,Karnataka Circle,South Karnataka Region,Davanagere,21530024,21610003
Turuvanur S.O,577517,Delivery,PO,Karnataka Circle,South Karnataka Region,Chitradurga,21530023,21610003
Bndurga S.O,577518,Delivery,PO,Karnataka Circle,South Karnataka Region,Chitradurga,21530023,21610003
Bharamasagara S.O,577519,Delivery,PO,Karnataka Circle,South Karnataka Region,Chitradurga,21530023,21610003
Bheemasamudra S.O,577520,Delivery,PO,Karnataka Circle,South Karnataka Region,Chitradurga,21530023,21610003
Bidarakere S.O,577521,Delivery,PO,Karnataka Circle,South Karnataka Region,Davanagere,21530024,21610003
Challakere S.O,577522,Delivery,PO,Karnataka Circle,South Karnataka Region,Chitradurga,21530023,21610003
Chickjajur S.O,577523,Delivery,PO,Karnataka Circle,South Karnataka Region,Chitradurga,21530023,21610003
Doddasiddavvanahalli S.O,577524,Delivery,PO,Karnataka Circle,South Karnataka Region,Chitradurga,21530023,21610003
Hadadi S.O,577525,Delivery,PO,Karnataka Circle,South Karnataka Region,Davanagere,21530024,21610003
Holalkere S.O,577526,Delivery,PO,Karnataka Circle,South Karnataka Region,Chitradurga,21530023,21610003
Hosadurga S.O,577527,Delivery,PO,Karnataka Circle,South Karnataka Region,Chitradurga,21530023,21610003
Jagalur S.O,577528,Delivery,PO,Karnataka Circle,South Karnataka Region,Davanagere,21530024,21610003
Kondlahalli S.O,577529,Delivery,PO,Karnataka Circle,South Karnataka Region,Chitradurga,21530023,21610003
Malebennur S.O,577530,Delivery,PO,Karnataka Circle,South Karnataka Region,Davanagere,21530024,21610003
Malladihalli S.O,577531,Delivery,PO,Karnataka Circle,South Karnataka Region,Chitradurga,21530023,21610003
Maradihalli S.O,577532,Delivery,PO,Karnataka Circle,South Karnataka Region,Chitradurga,21530023,21610003
Mathodu S.O,577533,Delivery,PO,Karnataka Circle,South Karnataka Region,Chitradurga,21530023,21610003
Mayakonda S.O,577534,Delivery,PO,Karnataka Circle,South Karnataka Region,Davanagere,21530024,21610003
Molakalmuru S.O,577535,Delivery,PO,Karnataka Circle,South Karnataka Region,Chitradurga,21530023,21610003
Nayakanahatti S.O,577536,Delivery,PO,Karnataka Circle,South Karnataka Region,Chitradurga,21530023,21610003
Obalapura S.O,577537,Delivery,PO,Karnataka Circle,South Karnataka Region,Chitradurga,21530023,21610003
Parasurampura S.O,577538,Delivery,PO,Karnataka Circle,South Karnataka Region,Chitradurga,21530023,21610003
Ramagiri S.O (Chitradurga),577539,Delivery,PO,Karnataka Circle,South Karnataka Region,Chitradurga,21530023,21610003
Rampura S.O (Chitradurga),577540,Delivery,PO,Karnataka Circle,South Karnataka Region,Chitradurga,21530023,21610003
Sirigere S.O (Chitradurga),577541,Delivery,PO,Karnataka Circle,South Karnataka Region,Chitradurga,21530023,21610003
Srirampura S.O,577542,Delivery,PO,Karnataka Circle,South Karnataka Region,Chitradurga,21530023,21610003
Thallak S.O,577543,Delivery,PO,Karnataka Circle,South Karnataka Region,Chitradurga,21530023,21610003
Yerabally S.O,577545,Delivery,PO,Karnataka Circle,South Karnataka Region,Chitradurga,21530023,21610003
Hariyabbe S.O,577546,Delivery,PO,Karnataka Circle,South Karnataka Region,Chitradurga,21530023,21610003
Bilichodu S.O,577553,Delivery,PO,Karnataka Circle,South Karnataka Region,Davanagere,21530024,21610003
Mallappanahalli S.O,577554,Delivery,PO,Karnataka Circle,South Karnataka Region,Chitradurga,21530023,21610003
Godabanahal S.O,577555,Delivery,PO,Karnataka Circle,South Karnataka Region,Chitradurga,21530023,21610003
Anagodu S.O,577556,Delivery,PO,Karnataka Circle,South Karnataka Region,Davanagere,21530024,21610003
H.D.Pura S.O,577557,Delivery,PO,Karnataka Circle,South Karnataka Region,Chitradurga,21530023,21610003
Aimangala S.O,577558,Delivery,PO,Karnataka Circle,South Karnataka Region,Chitradurga,21530023,21610003
Doddabathi S.O,577566,Delivery,PO,Karnataka Circle,South Karnataka Region,Davanagere,21530024,21610003
Kondajji S.O,577589,Delivery,PO,Karnataka Circle,South Karnataka Region,Davanagere,21530024,21610003
Dharmapura S.O,577596,Delivery,PO,Karnataka Circle,South Karnataka Region,Chitradurga,21530023,21610003
Belagur S.O,577597,Delivery,PO,Karnataka Circle,South Karnataka Region,Chitradurga,21530023,21610003
Hiriyur S.O,577598,Delivery,PO,Karnataka Circle,South Karnataka Region,Chitradurga,21530023,21610003
Hiriyur  Sugar Factory S.O,577599,Delivery,PO,Karnataka Circle,South Karnataka Region,Chitradurga,21530023,21610003
Harihara S.O,577601,Delivery,PO,Karnataka Circle,South Karnataka Region,Davanagere,21530024,21610003
Arehalli S.O,573101,Delivery,PO,Karnataka Circle,South Karnataka Region,Hassan,21530025,21610003
Arkalgud S.O,573102,Delivery,PO,Karnataka Circle,South Karnataka Region,Hassan,21530025,21610003
Arsikere H.O,573103,Delivery,HO,Karnataka Circle,South Karnataka Region,Hassan,21530025,21610003
Bagur S.O (Hassan),573111,Delivery,PO,Karnataka Circle,South Karnataka Region,Hassan,21530025,21610003
Banavara S.O,573112,Delivery,PO,Karnataka Circle,South Karnataka Region,Hassan,21530025,21610003
Basavapatna S.O (Hassan),573113,Delivery,PO,Karnataka Circle,South Karnataka Region,Hassan,21530025,21610003
Belur Hassan S.O,573115,Delivery,PO,Karnataka Circle,South Karnataka Region,Hassan,21530025,21610003
Channarayapatna S.O,573116,Delivery,PO,Karnataka Circle,South Karnataka Region,Hassan,21530025,21610003
Doddamettikurke S.O,573117,Delivery,PO,Karnataka Circle,South Karnataka Region,Hassan,21530025,21610003
Dudda R S S.O,573118,Delivery,PO,Karnataka Circle,South Karnataka Region,Hassan,21530025,21610003
Gandasi S.O,573119,Delivery,PO,Karnataka Circle,South Karnataka Region,Hassan,21530025,21610003
Gorur S.O,573120,Delivery,PO,Karnataka Circle,South Karnataka Region,Hassan,21530025,21610003
Halebeedu S.O,573121,Delivery,PO,Karnataka Circle,South Karnataka Region,Hassan,21530025,21610003
Haranahalli S.O,573122,Delivery,PO,Karnataka Circle,South Karnataka Region,Hassan,21530025,21610003
Hethur S.O,573123,Delivery,PO,Karnataka Circle,South Karnataka Region,Hassan,21530025,21610003
Hirisave S.O,573124,Delivery,PO,Karnataka Circle,South Karnataka Region,Hassan,21530025,21610003
Javagal S.O,573125,Delivery,PO,Karnataka Circle,South Karnataka Region,Hassan,21530025,21610003
Jaya Chamaraja Pura S.O,573126,Delivery,PO,Karnataka Circle,South Karnataka Region,Hassan,21530025,21610003
Bykere S.O,573127,Delivery,PO,Karnataka Circle,South Karnataka Region,Hassan,21530025,21610003
Kattaya S.O,573128,Delivery,PO,Karnataka Circle,South Karnataka Region,Hassan,21530025,21610003
Kenchammanahosakote S.O,573129,Delivery,PO,Karnataka Circle,South Karnataka Region,Hassan,21530025,21610003
Konanur S.O,573130,Delivery,PO,Karnataka Circle,South Karnataka Region,Hassan,21530025,21610003
Nuggihalli S.O,573131,Delivery,PO,Karnataka Circle,South Karnataka Region,Hassan,21530025,21610003
Ramanathapura S.O,573133,Delivery,PO,Karnataka Circle,South Karnataka Region,Hassan,21530025,21610003
Sakleshpur S.O,573134,Delivery,PO,Karnataka Circle,South Karnataka Region,Hassan,21530025,21610003
Shravanabelagola S.O,573135,Delivery,PO,Karnataka Circle,South Karnataka Region,Hassan,21530025,21610003
Keralapura S.O,573136,Delivery,PO,Karnataka Circle,South Karnataka Region,Hassan,21530025,21610003
Yeslur S.O,573137,Delivery,PO,Karnataka Circle,South Karnataka Region,Hassan,21530025,21610003
Didaga S.O,573141,Delivery,PO,Karnataka Circle,South Karnataka Region,Hassan,21530025,21610003
Doddamagge S.O,573142,Delivery,PO,Karnataka Circle,South Karnataka Region,Hassan,21530025,21610003
Kanakatte S.O,573144,Delivery,PO,Karnataka Circle,South Karnataka Region,Hassan,21530025,21610003
Bageshpura S.O,573162,Delivery,PO,Karnataka Circle,South Karnataka Region,Hassan,21530025,21610003
Lalanakere S.O,573164,Delivery,PO,Karnataka Circle,South Karnataka Region,Hassan,21530025,21610003
Hanbalu S.O,573165,Delivery,PO,Karnataka Circle,South Karnataka Region,Hassan,21530025,21610003
Hassan H.O,573201,Delivery,HO,Karnataka Circle,South Karnataka Region,Hassan,21530025,21610003
Vidyanagar (Hassan) S.O,573202,Delivery,PO,Karnataka Circle,South Karnataka Region,Hassan,21530025,21610003
Hallymysore S.O,573210,Delivery,PO,Karnataka Circle,South Karnataka Region,Hassan,21530025,21610003
Holenarsipur S.O,573211,Delivery,PO,Karnataka Circle,South Karnataka Region,Hassan,21530025,21610003
Mosale Hosahalli S.O,573212,Delivery,PO,Karnataka Circle,South Karnataka Region,Hassan,21530025,21610003
Alur S.O (Hassan),573213,Delivery,PO,Karnataka Circle,South Karnataka Region,Hassan,21530025,21610003
Ballupet S.O,573214,Delivery,PO,Karnataka Circle,South Karnataka Region,Hassan,21530025,21610003
Bikkodu S.O,573215,Delivery,PO,Karnataka Circle,South Karnataka Region,Hassan,21530025,21610003
Hagare S.O,573216,Delivery,PO,Karnataka Circle,South Karnataka Region,Hassan,21530025,21610003
Kandali S.O,573217,Delivery,PO,Karnataka Circle,South Karnataka Region,Hassan,21530025,21610003
Palya S.O,573218,Delivery,PO,Karnataka Circle,South Karnataka Region,Hassan,21530025,21610003
Salagame S.O,573219,Delivery,PO,Karnataka Circle,South Karnataka Region,Hassan,21530025,21610003
Shanthigrama S.O,573220,Delivery,PO,Karnataka Circle,South Karnataka Region,Hassan,21530025,21610003
Agriculture College Campus Dly S.O,573225,Delivery,PO,Karnataka Circle,South Karnataka Region,Hassan,21530025,21610003
Boovanahalli S.O,573226,Delivery,PO,Karnataka Circle,South Karnataka Region,Hassan,21530025,21610003
Madikeri H.O,571201,Delivery,HO,Karnataka Circle,South Karnataka Region,Kodagu,21640085,21610003
Ammathi S.O,571211,Delivery,PO,Karnataka Circle,South Karnataka Region,Kodagu,21640085,21610003
Cheyandane S.O,571212,Delivery,PO,Karnataka Circle,South Karnataka Region,Kodagu,21640085,21610003
Gonikoppal S.O,571213,Delivery,PO,Karnataka Circle,South Karnataka Region,Kodagu,21640085,21610003
Napoklu S.O,571214,Delivery,PO,Karnataka Circle,South Karnataka Region,Kodagu,21640085,21610003
Pollibetta S.O,571215,Delivery,PO,Karnataka Circle,South Karnataka Region,Kodagu,21640085,21610003
Ponnampet S.O,571216,Delivery,PO,Karnataka Circle,South Karnataka Region,Kodagu,21640085,21610003
Srimangala S.O,571217,Delivery,PO,Karnataka Circle,South Karnataka Region,Kodagu,21640085,21610003
Virajpet S.O,571218,Delivery,PO,Karnataka Circle,South Karnataka Region,Kodagu,21640085,21610003
Balele S.O,571219,Delivery,PO,Karnataka Circle,South Karnataka Region,Kodagu,21640085,21610003
Kodlipet S.O,571231,Delivery,PO,Karnataka Circle,South Karnataka Region,Kodagu,21640085,21610003
Kudige S.O,571232,Delivery,PO,Karnataka Circle,South Karnataka Region,Kodagu,21640085,21610003
Kushalnagar S.O,571234,Delivery,PO,Karnataka Circle,South Karnataka Region,Kodagu,21640085,21610003
Shanivarasanthe S.O,571235,Delivery,PO,Karnataka Circle,South Karnataka Region,Kodagu,21640085,21610003
Somwarpet S.O,571236,Delivery,PO,Karnataka Circle,South Karnataka Region,Kodagu,21640085,21610003
Suntikoppa S.O,571237,Delivery,PO,Karnataka Circle,South Karnataka Region,Kodagu,21640085,21610003
Bhagamandala S.O,571247,Delivery,PO,Karnataka Circle,South Karnataka Region,Kodagu,21640085,21610003
Chettalli S.O,571248,Delivery,PO,Karnataka Circle,South Karnataka Region,Kodagu,21640085,21610003
Hudikeri S.O,571249,Delivery,PO,Karnataka Circle,South Karnataka Region,Kodagu,21640085,21610003
Kutta S.O,571250,Delivery,PO,Karnataka Circle,South Karnataka Region,Kodagu,21640085,21610003
Madapura S.O,571251,Delivery,PO,Karnataka Circle,South Karnataka Region,Kodagu,21640085,21610003
Murnad S.O,571252,Delivery,PO,Karnataka Circle,South Karnataka Region,Kodagu,21640085,21610003
Siddapura Kodagu S.O,571253,Delivery,PO,Karnataka Circle,South Karnataka Region,Kodagu,21640085,21610003
Thithimathi S.O,571254,Delivery,PO,Karnataka Circle,South Karnataka Region,Kodagu,21640085,21610003
Dn Palya S.O,561206,Delivery,PO,Karnataka Circle,South Karnataka Region,Kolar,21530027,21610003
Bagepalli S.O,561207,Delivery,PO,Karnataka Circle,South Karnataka Region,Kolar,21530027,21610003
Gauribidanur S.O,561208,Delivery,PO,Karnataka Circle,South Karnataka Region,Kolar,21530027,21610003
Gudibanda S.O (Kolar),561209,Delivery,PO,Karnataka Circle,South Karnataka Region,Kolar,21530027,21610003
Hossur S.O,561210,Delivery,PO,Karnataka Circle,South Karnataka Region,Kolar,21530027,21610003
MANCHENAHALLI S.O,561211,Delivery,PO,Karnataka Circle,South Karnataka Region,Kolar,21530027,21610003
Pathapalya S.O,561212,Delivery,PO,Karnataka Circle,South Karnataka Region,Kolar,21530027,21610003
Thondebhavi S.O,561213,Delivery,PO,Karnataka Circle,South Karnataka Region,Kolar,21530027,21610003
Vatadahosahalli S.O,561228,Delivery,PO,Karnataka Circle,South Karnataka Region,Kolar,21530027,21610003
Chickballapur H.O,562101,Delivery,HO,Karnataka Circle,South Karnataka Region,Kolar,21530027,21610003
Melur S.O (Kolar),562102,Delivery,PO,Karnataka Circle,South Karnataka Region,Kolar,21530027,21610003
Nandi S.O (Kolar),562103,Delivery,PO,Karnataka Circle,South Karnataka Region,Kolar,21530027,21610003
Peresandra S.O,562104,Delivery,PO,Karnataka Circle,South Karnataka Region,Kolar,21530027,21610003
Sidlaghatta S.O,562105,Delivery,PO,Karnataka Circle,South Karnataka Region,Kolar,21530027,21610003
Kolar H.O,563101,Delivery,HO,Karnataka Circle,South Karnataka Region,Kolar,21530027,21610003
Tamaka S.O,563103,Delivery,PO,Karnataka Circle,South Karnataka Region,Kolar,21530027,21610003
Andersonpet S.O,563113,Delivery,PO,Karnataka Circle,South Karnataka Region,Kolar,21530027,21610003
Bangarpet S.O,563114,Delivery,PO,Karnataka Circle,South Karnataka Region,Kolar,21530027,21610003
Beml Nagar S.O,563115,Delivery,PO,Karnataka Circle,South Karnataka Region,Kolar,21530027,21610003
Bethamangala S.O,563116,Delivery,PO,Karnataka Circle,South Karnataka Region,Kolar,21530027,21610003
Championreefs S.O,563117,Delivery,PO,Karnataka Circle,South Karnataka Region,Kolar,21530027,21610003
Coromandel S.O,563118,Delivery,PO,Karnataka Circle,South Karnataka Region,Kolar,21530027,21610003
Marikuppam S.O,563119,Delivery,PO,Karnataka Circle,South Karnataka Region,Kolar,21530027,21610003
Oorgaum S.O,563120,Delivery,PO,Karnataka Circle,South Karnataka Region,Kolar,21530027,21610003
Oorgaumpet S.O,563121,Delivery,PO,Karnataka Circle,South Karnataka Region,Kolar,21530027,21610003
ROBERTSONPET MDG,563122,Delivery,PO,Karnataka Circle,South Karnataka Region,Kolar,21530027,21610003
Batlahalli S.O,563123,Delivery,PO,Karnataka Circle,South Karnataka Region,Kolar,21530027,21610003
Chelur S.O (Kolar),563124,Delivery,PO,Karnataka Circle,South Karnataka Region,Kolar,21530027,21610003
Chintamani S.O,563125,Delivery,PO,Karnataka Circle,South Karnataka Region,Kolar,21530027,21610003
Dalasanur S.O,563126,Delivery,PO,Karnataka Circle,South Karnataka Region,Kolar,21530027,21610003
Devarayasamudra S.O,563127,Delivery,PO,Karnataka Circle,South Karnataka Region,Kolar,21530027,21610003
Kaiwara S.O,563128,Delivery,PO,Karnataka Circle,South Karnataka Region,Kolar,21530027,21610003
Kamasamudra S.O,563129,Delivery,PO,Karnataka Circle,South Karnataka Region,Kolar,21530027,21610003
Malur S.O,563130,Delivery,PO,Karnataka Circle,South Karnataka Region,Kolar,21530027,21610003
Mulbagal S.O,563131,Delivery,PO,Karnataka Circle,South Karnataka Region,Kolar,21530027,21610003
Nangli S.O,563132,Delivery,PO,Karnataka Circle,South Karnataka Region,Kolar,21530027,21610003
Narasapura S.O,563133,Delivery,PO,Karnataka Circle,South Karnataka Region,Kolar,21530027,21610003
Rayalpadu S.O,563134,Delivery,PO,Karnataka Circle,South Karnataka Region,Kolar,21530027,21610003
Srinivaspur S.O,563135,Delivery,PO,Karnataka Circle,South Karnataka Region,Kolar,21530027,21610003
Tayalur S.O,563136,Delivery,PO,Karnataka Circle,South Karnataka Region,Kolar,21530027,21610003
Tekal S.O,563137,Delivery,PO,Karnataka Circle,South Karnataka Region,Kolar,21530027,21610003
Yeldur S.O,563138,Delivery,PO,Karnataka Circle,South Karnataka Region,Kolar,21530027,21610003
Masthi S.O,563139,Delivery,PO,Karnataka Circle,South Karnataka Region,Kolar,21530027,21610003
Murugamale S.O,563146,Delivery,PO,Karnataka Circle,South Karnataka Region,Kolar,21530027,21610003
BUDIKOTE SO,563147,Delivery,PO,Karnataka Circle,South Karnataka Region,Kolar,21530027,21610003
VEMAGAL SO,563157,Delivery,PO,Karnataka Circle,South Karnataka Region,Kolar,21530027,21610003
Burudugunte S.O,563159,Delivery,PO,Karnataka Circle,South Karnataka Region,Kolar,21530027,21610003
Malur Railway Station S.O,563160,Delivery,PO,Karnataka Circle,South Karnataka Region,Kolar,21530027,21610003
Gownipalli S.O,563161,Delivery,PO,Karnataka Circle,South Karnataka Region,Kolar,21530027,21610003
Deshihalli Bangarpet S.O,563162,Delivery,PO,Karnataka Circle,South Karnataka Region,Kolar,21530027,21610003
Chikkathirupathi S.O,563163,Delivery,PO,Karnataka Circle,South Karnataka Region,Kolar,21530027,21610003
Mandya H.O,571401,Delivery,HO,Karnataka Circle,South Karnataka Region,Mandya,21530028,21610003
Sugar Town S.O,571402,Delivery,PO,Karnataka Circle,South Karnataka Region,Mandya,21530028,21610003
Guthal Colony S.O,571403,Delivery,PO,Karnataka Circle,South Karnataka Region,Mandya,21530028,21610003
Acetate Town S.O,571404,Delivery,PO,Karnataka Circle,South Karnataka Region,Mandya,21530028,21610003
V C Farm S.O,571405,Delivery,PO,Karnataka Circle,South Karnataka Region,Mandya,21530028,21610003
Arakere S.O,571415,Delivery,PO,Karnataka Circle,South Karnataka Region,Mandya,21530028,21610003
Basaralu S.O,571416,Delivery,PO,Karnataka Circle,South Karnataka Region,Mandya,21530028,21610003
Belakavadi S.O,571417,Delivery,PO,Karnataka Circle,South Karnataka Region,Mandya,21530028,21610003
Bellur S.O,571418,Delivery,PO,Karnataka Circle,South Karnataka Region,Mandya,21530028,21610003
Besagarahalli S.O,571419,Delivery,PO,Karnataka Circle,South Karnataka Region,Mandya,21530028,21610003
Halagur S.O,571421,Delivery,PO,Karnataka Circle,South Karnataka Region,Mandya,21530028,21610003
Bharathinagar S.O,571422,Delivery,PO,Karnataka Circle,South Karnataka Region,Mandya,21530028,21610003
Kikkeri S.O,571423,Delivery,PO,Karnataka Circle,South Karnataka Region,Mandya,21530028,21610003
Kiragavalu S.O,571424,Delivery,PO,Karnataka Circle,South Karnataka Region,Mandya,21530028,21610003
Koppa mandya S.O,571425,Delivery,PO,Karnataka Circle,South Karnataka Region,Mandya,21530028,21610003
Krishnarajapete S.O,571426,Delivery,PO,Karnataka Circle,South Karnataka Region,Mandya,21530028,21610003
Kyathanahalli S.O,571427,Delivery,PO,Karnataka Circle,South Karnataka Region,Mandya,21530028,21610003
Maddur S.O (Mandya),571428,Delivery,PO,Karnataka Circle,South Karnataka Region,Mandya,21530028,21610003
Shivapura Maddur S.O,571429,Delivery,PO,Karnataka Circle,South Karnataka Region,Mandya,21530028,21610003
Malavalli S.O,571430,Delivery,PO,Karnataka Circle,South Karnataka Region,Mandya,21530028,21610003
Melukote S.O,571431,Delivery,PO,Karnataka Circle,South Karnataka Region,Mandya,21530028,21610003
Nagamangala S.O,571432,Delivery,PO,Karnataka Circle,South Karnataka Region,Mandya,21530028,21610003
Nidaghatta S.O,571433,Delivery,PO,Karnataka Circle,South Karnataka Region,Mandya,21530028,21610003
Pandavapura S.O,571434,Delivery,PO,Karnataka Circle,South Karnataka Region,Mandya,21530028,21610003
Pandavapura R S S.O,571435,Delivery,PO,Karnataka Circle,South Karnataka Region,Mandya,21530028,21610003
Santhebachahalli S.O,571436,Delivery,PO,Karnataka Circle,South Karnataka Region,Mandya,21530028,21610003
Srirangapatna H.O,571438,Delivery,HO,Karnataka Circle,South Karnataka Region,Mandya,21530028,21610003
Devalapura S.O (Mandya),571445,Delivery,PO,Karnataka Circle,South Karnataka Region,Mandya,21530028,21610003
Keragodu S.O,571446,Delivery,PO,Karnataka Circle,South Karnataka Region,Mandya,21530028,21610003
Balagangadaranathnagar S.O,571448,Delivery,PO,Karnataka Circle,South Karnataka Region,Mandya,21530028,21610003
Keelara S.O,571450,Delivery,PO,Karnataka Circle,South Karnataka Region,Mandya,21530028,21610003
Chinakurali S.O,571455,Delivery,PO,Karnataka Circle,South Karnataka Region,Mandya,21530028,21610003
Purigali S.O,571463,Delivery,PO,Karnataka Circle,South Karnataka Region,Mandya,21530028,21610003
Hadli S.O,571475,Delivery,PO,Karnataka Circle,South Karnataka Region,Mandya,21530028,21610003
Kestur S.O,571476,Delivery,PO,Karnataka Circle,South Karnataka Region,Mandya,21530028,21610003
Ganjam S.O,571477,Delivery,PO,Karnataka Circle,South Karnataka Region,Mandya,21530028,21610003
Kottatti S.O,571478,Delivery,PO,Karnataka Circle,South Karnataka Region,Mandya,21530028,21610003
Akkihebbal S.O,571605,Delivery,PO,Karnataka Circle,South Karnataka Region,Mandya,21530028,21610003
Belagola S.O,571606,Delivery,PO,Karnataka Circle,South Karnataka Region,Mandya,21530028,21610003
Krishnaraja Sagar S.O,571607,Delivery,PO,Karnataka Circle,South Karnataka Region,Mandya,21530028,21610003
Bindiganavile S.O,571802,Delivery,PO,Karnataka Circle,South Karnataka Region,Mandya,21530028,21610003
Kirangoor S.O,571807,Delivery,PO,Karnataka Circle,South Karnataka Region,Mandya,21530028,21610003
Chunchanahalli S.O,571811,Delivery,PO,Karnataka Circle,South Karnataka Region,Mandya,21530028,21610003
Bukkinakere S.O,571812,Delivery,PO,Karnataka Circle,South Karnataka Region,Mandya,21530028,21610003
Aikala S.O,574141,Delivery,PO,Karnataka Circle,South Karnataka Region,Mangaluru,21530029,21610003
Bajpe S.O,574142,Delivery,PO,Karnataka Circle,South Karnataka Region,Mangaluru,21530029,21610003
Farangipet S.O,574143,Delivery,PO,Karnataka Circle,South Karnataka Region,Mangaluru,21530029,21610003
Ganjimat S.O,574144,Delivery,PO,Karnataka Circle,South Karnataka Region,Mangaluru,21530029,21610003
Gurpur S.O,574145,Delivery,PO,Karnataka Circle,South Karnataka Region,Mangaluru,21530029,21610003
Haleangady S.O,574146,Delivery,PO,Karnataka Circle,South Karnataka Region,Mangaluru,21530029,21610003
Kateel S.O,574148,Delivery,PO,Karnataka Circle,South Karnataka Region,Mangaluru,21530029,21610003
Kinnigoli S.O,574150,Delivery,PO,Karnataka Circle,South Karnataka Region,Mangaluru,21530029,21610003
Kinnikambla S.O,574151,Delivery,PO,Karnataka Circle,South Karnataka Region,Mangaluru,21530029,21610003
Kurnad S.O,574153,Delivery,PO,Karnataka Circle,South Karnataka Region,Mangaluru,21530029,21610003
Mulki S.O,574154,Delivery,PO,Karnataka Circle,South Karnataka Region,Mangaluru,21530029,21610003
Mangalagangothri S.O,574199,Delivery,PO,Karnataka Circle,South Karnataka Region,Mangaluru,21530029,21610003
Badagayedapadavu S.O,574267,Delivery,PO,Karnataka Circle,South Karnataka Region,Mangaluru,21530029,21610003
Permude S.O,574509,Delivery,PO,Karnataka Circle,South Karnataka Region,Mangaluru,21530029,21610003
Mangaluru H.O,575001,Delivery,HO,Karnataka Circle,South Karnataka Region,Mangaluru,21530029,21610003
Kankanady S.O,575002,Delivery,PO,Karnataka Circle,South Karnataka Region,Mangaluru,21530029,21610003
Kodiyalbail S.O,575003,Delivery,PO,Karnataka Circle,South Karnataka Region,Mangaluru,21530029,21610003
Bijai S.O,575004,Delivery,PO,Karnataka Circle,South Karnataka Region,Mangaluru,21530029,21610003
Kulshekar H.O,575005,Delivery,HO,Karnataka Circle,South Karnataka Region,Mangaluru,21530029,21610003
Ashoknagar(MR) S.O,575006,Delivery,PO,Karnataka Circle,South Karnataka Region,Mangaluru,21530029,21610003
Padil S.O,575007,Delivery,PO,Karnataka Circle,South Karnataka Region,Mangaluru,21530029,21610003
Konchady S.O,575008,Delivery,PO,Karnataka Circle,South Karnataka Region,Mangaluru,21530029,21610003
Panambur S.O,575010,Delivery,PO,Karnataka Circle,South Karnataka Region,Mangaluru,21530029,21610003
Baikampady S.O,575011,Delivery,PO,Karnataka Circle,South Karnataka Region,Mangaluru,21530029,21610003
Kulur S.O,575013,Delivery,PO,Karnataka Circle,South Karnataka Region,Mangaluru,21530029,21610003
Surathkal S.O,575014,Delivery,PO,Karnataka Circle,South Karnataka Region,Mangaluru,21530029,21610003
Kavur S.O,575015,Delivery,PO,Karnataka Circle,South Karnataka Region,Mangaluru,21530029,21610003
Shakthinagar (Dakshina Kannada) S.O,575016,Delivery,PO,Karnataka Circle,South Karnataka Region,Mangaluru,21530029,21610003
Permannur S.O,575017,Delivery,PO,Karnataka Circle,South Karnataka Region,Mangaluru,21530029,21610003
Derlakatte S.O,575018,Delivery,PO,Karnataka Circle,South Karnataka Region,Mangaluru,21530029,21610003
Kulai S.O,575019,Delivery,PO,Karnataka Circle,South Karnataka Region,Mangaluru,21530029,21610003
Ullal S.O,575020,Delivery,PO,Karnataka Circle,South Karnataka Region,Mangaluru,21530029,21610003
Kotekar S.O,575022,Delivery,PO,Karnataka Circle,South Karnataka Region,Mangaluru,21530029,21610003
Someshwar Uchil S.O,575023,Delivery,PO,Karnataka Circle,South Karnataka Region,Mangaluru,21530029,21610003
Srinivasnagar S.O,575025,Delivery,PO,Karnataka Circle,South Karnataka Region,Mangaluru,21530029,21610003
Vamanjoor S.O,575028,Delivery,PO,Karnataka Circle,South Karnataka Region,Mangaluru,21530029,21610003
Pedamale S.O,575029,Delivery,PO,Karnataka Circle,South Karnataka Region,Mangaluru,21530029,21610003
Katipalla S.O,575030,Delivery,PO,Karnataka Circle,South Karnataka Region,Mangaluru,21530029,21610003
Belmannu S.O,576111,Delivery,PO,Karnataka Circle,South Karnataka Region,Mangaluru,21530029,21610003
Mundkur S.O,576121,Delivery,PO,Karnataka Circle,South Karnataka Region,Mangaluru,21530029,21610003
Mysuru H.O,570001,Delivery,HO,Karnataka Circle,South Karnataka Region,Mysuru,21530030,21610003
Vani Vilas Mohalla S.O,570002,Delivery,PO,Karnataka Circle,South Karnataka Region,Mysuru,21530030,21610003
Note Mudran Nagar S.O,570003,Delivery,PO,Karnataka Circle,South Karnataka Region,Mysuru,21530030,21610003
Lakshmipuram S.O (Mysuru),570004,Delivery,PO,Karnataka Circle,South Karnataka Region,Mysuru,21530030,21610003
Mysuru University S.O,570005,Delivery,PO,Karnataka Circle,South Karnataka Region,Mysuru,21530030,21610003
Manasagangothri S.O,570006,Delivery,PO,Karnataka Circle,South Karnataka Region,Mysuru,21530030,21610003
Narasimha Raja Mohalla S.O,570007,Delivery,PO,Karnataka Circle,South Karnataka Region,Mysuru,21530030,21610003
Mysuru South S.O,570008,Delivery,PO,Karnataka Circle,South Karnataka Region,Mysuru,21530030,21610003
Saraswathipuram H.O,570009,Delivery,HO,Karnataka Circle,South Karnataka Region,Mysuru,21530030,21610003
Ittigegud S.O,570010,Delivery,PO,Karnataka Circle,South Karnataka Region,Mysuru,21530030,21610003
Siddarthanagar Nagar S.O,570011,Delivery,PO,Karnataka Circle,South Karnataka Region,Mysuru,21530030,21610003
Jayalakshmipuram S.O (Mysuru),570012,Delivery,PO,Karnataka Circle,South Karnataka Region,Mysuru,21530030,21610003
Jayanagar S.O (Mysuru),570014,Delivery,PO,Karnataka Circle,South Karnataka Region,Mysuru,21530030,21610003
Bannimantap S.O,570015,Delivery,PO,Karnataka Circle,South Karnataka Region,Mysuru,21530030,21610003
Metagalli S.O,570016,Delivery,PO,Karnataka Circle,South Karnataka Region,Mysuru,21530030,21610003
Vijaynagar II Stage S.O,570017,Delivery,PO,Karnataka Circle,South Karnataka Region,Mysuru,21530030,21610003
Belavadi S.O,570018,Delivery,PO,Karnataka Circle,South Karnataka Region,Mysuru,21530030,21610003
Udayagiri S.O (Mysuru),570019,Delivery,PO,Karnataka Circle,South Karnataka Region,Mysuru,21530030,21610003
Yadavagiri S.O,570020,Delivery,PO,Karnataka Circle,South Karnataka Region,Mysuru,21530030,21610003
Ramakrishna Nagar S.O (Mysuru),570022,Delivery,PO,Karnataka Circle,South Karnataka Region,Mysuru,21530030,21610003
Kuvempunagar S.O (Mysuru),570023,Delivery,PO,Karnataka Circle,South Karnataka Region,Mysuru,21530030,21610003
G S Ashram S.O,570025,Delivery,PO,Karnataka Circle,South Karnataka Region,Mysuru,21530030,21610003
Bogadi S.O,570026,Delivery,PO,Karnataka Circle,South Karnataka Region,Mysuru,21530030,21610003
Infosys Campus S.O,570027,Delivery,PO,Karnataka Circle,South Karnataka Region,Mysuru,21530030,21610003
Alanahalli S.O,570028,Delivery,PO,Karnataka Circle,South Karnataka Region,Mysuru,21530030,21610003
Shakthinagar S.O,570029,Delivery,PO,Karnataka Circle,South Karnataka Region,Mysuru,21530030,21610003
Vijayanagar III Stage S.O,570030,Delivery,PO,Karnataka Circle,South Karnataka Region,Mysuru,21530030,21610003
Jaya Prakash Nagar S.O,570031,Delivery,PO,Karnataka Circle,South Karnataka Region,Mysuru,21530030,21610003
Vijayanagar IV Stage S.O,570032,Delivery,PO,Karnataka Circle,South Karnataka Region,Mysuru,21530030,21610003
Dattagalli S.O,570033,Delivery,PO,Karnataka Circle,South Karnataka Region,Mysuru,21530030,21610003
Sri Rampura 2nd Stage S.O,570034,Delivery,PO,Karnataka Circle,South Karnataka Region,Mysuru,21530030,21610003
Bettadapura S.O,571102,Delivery,PO,Karnataka Circle,South Karnataka Region,Mysuru,21530030,21610003
Bilikere S.O,571103,Delivery,PO,Karnataka Circle,South Karnataka Region,Mysuru,21530030,21610003
Bylakuppe S.O,571104,Delivery,PO,Karnataka Circle,South Karnataka Region,Mysuru,21530030,21610003
Hunsur S.O,571105,Delivery,PO,Karnataka Circle,South Karnataka Region,Mysuru,21530030,21610003
Hanagodu S.O,571106,Delivery,PO,Karnataka Circle,South Karnataka Region,Mysuru,21530030,21610003
Periyapatna S.O,571107,Delivery,PO,Karnataka Circle,South Karnataka Region,Mysuru,21530030,21610003
Ravandur S.O,571108,Delivery,PO,Karnataka Circle,South Karnataka Region,Mysuru,21530030,21610003
Heggadedevana Kote S.O,571114,Delivery,PO,Karnataka Circle,South Karnataka Region,Mysuru,21530030,21610003
Kabini Colony S.O,571116,Delivery,PO,Karnataka Circle,South Karnataka Region,Mysuru,21530030,21610003
Sargur S.O,571121,Delivery,PO,Karnataka Circle,South Karnataka Region,Mysuru,21530030,21610003
Hampapura (H D Kote) S.O,571125,Delivery,PO,Karnataka Circle,South Karnataka Region,Mysuru,21530030,21610003
Yelwal S.O,571130,Delivery,PO,Karnataka Circle,South Karnataka Region,Mysuru,21530030,21610003
Kattemalalavadi S.O,571134,Delivery,PO,Karnataka Circle,South Karnataka Region,Mysuru,21530030,21610003
Kanagal S.O,571187,Delivery,PO,Karnataka Circle,South Karnataka Region,Mysuru,21530030,21610003
Rathnapuri Colony S.O,571189,Delivery,PO,Karnataka Circle,South Karnataka Region,Mysuru,21530030,21610003
Kadakola S.O,571311,Delivery,PO,Karnataka Circle,South Karnataka Region,Mysuru,21530030,21610003
Hampapura (K R Nagar) S.O,571601,Delivery,PO,Karnataka Circle,South Karnataka Region,Mysuru,21530030,21610003
Krishna Raja Nagar S.O,571602,Delivery,PO,Karnataka Circle,South Karnataka Region,Mysuru,21530030,21610003
Mirle S.O,571603,Delivery,PO,Karnataka Circle,South Karnataka Region,Mysuru,21530030,21610003
Saligrama S.O (Mysuru),571604,Delivery,PO,Karnataka Circle,South Karnataka Region,Mysuru,21530030,21610003
Gavadagere S.O,571610,Delivery,PO,Karnataka Circle,South Karnataka Region,Mysuru,21530030,21610003
Chunchunakatte S.O,571617,Delivery,PO,Karnataka Circle,South Karnataka Region,Mysuru,21530030,21610003
Bannur S.O,571101,Delivery,PO,Karnataka Circle,South Karnataka Region,Nanjangud,21530031,21610003
Begur S.O,571109,Delivery,PO,Karnataka Circle,South Karnataka Region,Nanjangud,21530031,21610003
Gargeshwari S.O,571110,Delivery,PO,Karnataka Circle,South Karnataka Region,Nanjangud,21530031,21610003
Gundlupet S.O,571111,Delivery,PO,Karnataka Circle,South Karnataka Region,Nanjangud,21530031,21610003
Santhemaranahalli S.O,571115,Delivery,PO,Karnataka Circle,South Karnataka Region,Nanjangud,21530031,21610003
Kagalavadi S.O,571117,Delivery,PO,Karnataka Circle,South Karnataka Region,Nanjangud,21530031,21610003
Kalale S.O,571118,Delivery,PO,Karnataka Circle,South Karnataka Region,Nanjangud,21530031,21610003
Tagadur S.O,571119,Delivery,PO,Karnataka Circle,South Karnataka Region,Nanjangud,21530031,21610003
Old Sosale S.O,571120,Delivery,PO,Karnataka Circle,South Karnataka Region,Nanjangud,21530031,21610003
Talakad S.O,571122,Delivery,PO,Karnataka Circle,South Karnataka Region,Nanjangud,21530031,21610003
Tirukanambi S.O,571123,Delivery,PO,Karnataka Circle,South Karnataka Region,Nanjangud,21530031,21610003
T Narasipura S.O,571124,Delivery,PO,Karnataka Circle,South Karnataka Region,Nanjangud,21530031,21610003
Hangala S.O,571126,Delivery,PO,Karnataka Circle,South Karnataka Region,Nanjangud,21530031,21610003
Haradanahalli S.O,571127,Delivery,PO,Karnataka Circle,South Karnataka Region,Nanjangud,21530031,21610003
Harave S.O,571128,Delivery,PO,Karnataka Circle,South Karnataka Region,Nanjangud,21530031,21610003
Nagarle S.O,571129,Delivery,PO,Karnataka Circle,South Karnataka Region,Nanjangud,21530031,21610003
Nanjangud H.O,571301,Delivery,HO,Karnataka Circle,South Karnataka Region,Nanjangud,21530031,21610003
Thandavapura S.O,571302,Delivery,PO,Karnataka Circle,South Karnataka Region,Nanjangud,21530031,21610003
Kavalande S.O,571312,Delivery,PO,Karnataka Circle,South Karnataka Region,Nanjangud,21530031,21610003
Chamarajanagara S.O,571313,Delivery,PO,Karnataka Circle,South Karnataka Region,Nanjangud,21530031,21610003
Hullahalli S.O,571314,Delivery,PO,Karnataka Circle,South Karnataka Region,Nanjangud,21530031,21610003
Hura S.O (Mysuru),571315,Delivery,PO,Karnataka Circle,South Karnataka Region,Nanjangud,21530031,21610003
Kuderu S.O (Chamrajnagar),571316,Delivery,PO,Karnataka Circle,South Karnataka Region,Nanjangud,21530031,21610003
Cowdalli S.O,571320,Delivery,PO,Karnataka Circle,South Karnataka Region,Nanjangud,21530031,21610003
Ramasamudra S.O (Chamrajnagar),571342,Delivery,PO,Karnataka Circle,South Karnataka Region,Nanjangud,21530031,21610003
Hanur S.O,571439,Delivery,PO,Karnataka Circle,South Karnataka Region,Nanjangud,21530031,21610003
Kollegal H.O,571440,Delivery,HO,Karnataka Circle,South Karnataka Region,Nanjangud,21530031,21610003
Yelandur S.O,571441,Delivery,PO,Karnataka Circle,South Karnataka Region,Nanjangud,21530031,21610003
Mamballi S.O,571442,Delivery,PO,Karnataka Circle,South Karnataka Region,Nanjangud,21530031,21610003
Kamakerai S.O,571443,Delivery,PO,Karnataka Circle,South Karnataka Region,Nanjangud,21530031,21610003
Ramapuram Ghat S.O,571444,Delivery,PO,Karnataka Circle,South Karnataka Region,Nanjangud,21530031,21610003
Tibetan Settlement S.O,571457,Delivery,PO,Karnataka Circle,South Karnataka Region,Nanjangud,21530031,21610003
Mahadeshwara Malai S.O,571490,Delivery,PO,Karnataka Circle,South Karnataka Region,Nanjangud,21530031,21610003
Ajekar S.O,574101,Delivery,PO,Karnataka Circle,South Karnataka Region,Puttur,21530032,21610003
Bailur S.O,574102,Delivery,PO,Karnataka Circle,South Karnataka Region,Puttur,21530032,21610003
Karkala H.O,574104,Delivery,HO,Karnataka Circle,South Karnataka Region,Puttur,21530032,21610003
Miyar S.O,574107,Delivery,PO,Karnataka Circle,South Karnataka Region,Puttur,21530032,21610003
Muniyal S.O,574108,Delivery,PO,Karnataka Circle,South Karnataka Region,Puttur,21530032,21610003
Naravi S.O,574109,Delivery,PO,Karnataka Circle,South Karnataka Region,Puttur,21530032,21610003
Nitte S.O,574110,Delivery,PO,Karnataka Circle,South Karnataka Region,Puttur,21530032,21610003
Sanur S.O,574114,Delivery,PO,Karnataka Circle,South Karnataka Region,Puttur,21530032,21610003
Bajegoli S.O,574122,Delivery,PO,Karnataka Circle,South Karnataka Region,Puttur,21530032,21610003
Kanthavara S.O,574129,Delivery,PO,Karnataka Circle,South Karnataka Region,Puttur,21530032,21610003
Kodangallu S.O,574197,Delivery,PO,Karnataka Circle,South Karnataka Region,Puttur,21530032,21610003
Kokkada S.O,574198,Delivery,PO,Karnataka Circle,South Karnataka Region,Puttur,21530032,21610003
Puttur(D.K.) H.O,574201,Delivery,HO,Karnataka Circle,South Karnataka Region,Puttur,21530032,21610003
Darbe(Puttur) S.O,574202,Delivery,PO,Karnataka Circle,South Karnataka Region,Puttur,21530032,21610003
Nehrunagar(Puttur DK) S.O,574203,Delivery,PO,Karnataka Circle,South Karnataka Region,Puttur,21530032,21610003
Aryapu S.O,574210,Delivery,PO,Karnataka Circle,South Karnataka Region,Puttur,21530032,21610003
Bantval S.O,574211,Delivery,PO,Karnataka Circle,South Karnataka Region,Puttur,21530032,21610003
Bellare S.O,574212,Delivery,PO,Karnataka Circle,South Karnataka Region,Puttur,21530032,21610003
Belvai S.O,574213,Delivery,PO,Karnataka Circle,South Karnataka Region,Puttur,21530032,21610003
Belthangady S.O,574214,Delivery,PO,Karnataka Circle,South Karnataka Region,Puttur,21530032,21610003
Dharmasthala S.O,574216,Delivery,PO,Karnataka Circle,South Karnataka Region,Puttur,21530032,21610003
Guruvayanakere S.O,574217,Delivery,PO,Karnataka Circle,South Karnataka Region,Puttur,21530032,21610003
Guthigar S.O,574218,Delivery,PO,Karnataka Circle,South Karnataka Region,Puttur,21530032,21610003
Jodumarga S.O,574219,Delivery,PO,Karnataka Circle,South Karnataka Region,Puttur,21530032,21610003
Kabaka S.O,574220,Delivery,PO,Karnataka Circle,South Karnataka Region,Puttur,21530032,21610003
Kadaba S.O (Dakshina Kannada),574221,Delivery,PO,Karnataka Circle,South Karnataka Region,Puttur,21530032,21610003
Kalladka S.O,574222,Delivery,PO,Karnataka Circle,South Karnataka Region,Puttur,21530032,21610003
Kav S.O,574223,Delivery,PO,Karnataka Circle,South Karnataka Region,Puttur,21530032,21610003
Madanthyar S.O,574224,Delivery,PO,Karnataka Circle,South Karnataka Region,Puttur,21530032,21610003
Mijar S.O,574225,Delivery,PO,Karnataka Circle,South Karnataka Region,Puttur,21530032,21610003
Mithabail S.O,574226,Delivery,PO,Karnataka Circle,South Karnataka Region,Puttur,21530032,21610003
Moodbidri S.O,574227,Delivery,PO,Karnataka Circle,South Karnataka Region,Puttur,21530032,21610003
Mundaje S.O,574228,Delivery,PO,Karnataka Circle,South Karnataka Region,Puttur,21530032,21610003
Nellyadi S.O,574229,Delivery,PO,Karnataka Circle,South Karnataka Region,Puttur,21530032,21610003
Nettana S.O,574230,Delivery,PO,Karnataka Circle,South Karnataka Region,Puttur,21530032,21610003
Panemangalore S.O,574231,Delivery,PO,Karnataka Circle,South Karnataka Region,Puttur,21530032,21610003
Panja S.O,574232,Delivery,PO,Karnataka Circle,South Karnataka Region,Puttur,21530032,21610003
Punjalkatte S.O,574233,Delivery,PO,Karnataka Circle,South Karnataka Region,Puttur,21530032,21610003
Sampaje S.O,574234,Delivery,PO,Karnataka Circle,South Karnataka Region,Puttur,21530032,21610003
Sathya Sai Vihar S.O,574235,Delivery,PO,Karnataka Circle,South Karnataka Region,Puttur,21530032,21610003
Shirthady S.O,574236,Delivery,PO,Karnataka Circle,South Karnataka Region,Puttur,21530032,21610003
Siddakatte S.O,574237,Delivery,PO,Karnataka Circle,South Karnataka Region,Puttur,21530032,21610003
Subramanya S.O,574238,Delivery,PO,Karnataka Circle,South Karnataka Region,Puttur,21530032,21610003
Sullia S.O,574239,Delivery,PO,Karnataka Circle,South Karnataka Region,Puttur,21530032,21610003
Ujire S.O,574240,Delivery,PO,Karnataka Circle,South Karnataka Region,Puttur,21530032,21610003
Uppinangady S.O,574241,Delivery,PO,Karnataka Circle,South Karnataka Region,Puttur,21530032,21610003
Venur S.O,574242,Delivery,PO,Karnataka Circle,South Karnataka Region,Puttur,21530032,21610003
Vittal S.O,574243,Delivery,PO,Karnataka Circle,South Karnataka Region,Puttur,21530032,21610003
Palli S.O,574244,Delivery,PO,Karnataka Circle,South Karnataka Region,Puttur,21530032,21610003
Doddathota S.O,574248,Delivery,PO,Karnataka Circle,South Karnataka Region,Puttur,21530032,21610003
Mani S.O,574253,Delivery,PO,Karnataka Circle,South Karnataka Region,Puttur,21530032,21610003
Panaje S.O,574259,Delivery,PO,Karnataka Circle,South Karnataka Region,Puttur,21530032,21610003
Adyanadka S.O,574260,Delivery,PO,Karnataka Circle,South Karnataka Region,Puttur,21530032,21610003
Vogga S.O,574265,Delivery,PO,Karnataka Circle,South Karnataka Region,Puttur,21530032,21610003
Kallamundkur S.O,574274,Delivery,PO,Karnataka Circle,South Karnataka Region,Puttur,21530032,21610003
Kanyana S.O,574279,Delivery,PO,Karnataka Circle,South Karnataka Region,Puttur,21530032,21610003
Alankar S.O,574285,Delivery,PO,Karnataka Circle,South Karnataka Region,Puttur,21530032,21610003
Ishwaramangala S.O,574313,Delivery,PO,Karnataka Circle,South Karnataka Region,Puttur,21530032,21610003
Aranthodu S.O,574314,Delivery,PO,Karnataka Circle,South Karnataka Region,Puttur,21530032,21610003
Manchi S.O,574323,Delivery,PO,Karnataka Circle,South Karnataka Region,Puttur,21530032,21610003
Vamadapadavu S.O,574324,Delivery,PO,Karnataka Circle,South Karnataka Region,Puttur,21530032,21610003
Nekkilady(34) S.O,574325,Delivery,PO,Karnataka Circle,South Karnataka Region,Puttur,21530032,21610003
Kalleri S.O,574326,Delivery,PO,Karnataka Circle,South Karnataka Region,Puttur,21530032,21610003
Kurunjibag S.O,574327,Delivery,PO,Karnataka Circle,South Karnataka Region,Puttur,21530032,21610003
Kaniyur(Puttur) S.O,574328,Delivery,PO,Karnataka Circle,South Karnataka Region,Puttur,21530032,21610003
Hebri S.O,576112,Delivery,PO,Karnataka Circle,South Karnataka Region,Puttur,21530032,21610003
Kukkundur S.O,576117,Delivery,PO,Karnataka Circle,South Karnataka Region,Puttur,21530032,21610003
Bhadra Reservoir Project S.O,577115,Delivery,PO,Karnataka Circle,South Karnataka Region,Shimoga,21530033,21610003
Shivamogga H.O,577201,Delivery,HO,Karnataka Circle,South Karnataka Region,Shimoga,21530033,21610003
Shivamogga Doddapete S.O,577202,Delivery,PO,Karnataka Circle,South Karnataka Region,Shimoga,21530033,21610003
Vidyanagar Shivamogga S.O,577203,Delivery,PO,Karnataka Circle,South Karnataka Region,Shimoga,21530033,21610003
Vinobanagar Shivamogga S.O,577204,Delivery,PO,Karnataka Circle,South Karnataka Region,Shimoga,21530033,21610003
Gopala Extension S.O,577205,Delivery,PO,Karnataka Circle,South Karnataka Region,Shimoga,21530033,21610003
Ayanur S.O,577211,Delivery,PO,Karnataka Circle,South Karnataka Region,Shimoga,21530033,21610003
Channagiri S.O,577213,Delivery,PO,Karnataka Circle,South Karnataka Region,Davanagere,21530024,21610003
Hithla S.O,577214,Delivery,PO,Karnataka Circle,South Karnataka Region,Shimoga,21530033,21610003
Hodikere S.O,577215,Delivery,PO,Karnataka Circle,South Karnataka Region,Davanagere,21530024,21610003
Holalur S.O,577216,Delivery,PO,Karnataka Circle,South Karnataka Region,Shimoga,21530033,21610003
Honnali S.O,577217,Delivery,PO,Karnataka Circle,South Karnataka Region,Davanagere,21530024,21610003
Kerebilichi S.O,577218,Delivery,PO,Karnataka Circle,South Karnataka Region,Davanagere,21530024,21610003
Kundur S.O,577219,Delivery,PO,Karnataka Circle,South Karnataka Region,Davanagere,21530024,21610003
Mandagadde S.O,577220,Delivery,PO,Karnataka Circle,South Karnataka Region,Shimoga,21530033,21610003
Nallur S.O (Davangere),577221,Delivery,PO,Karnataka Circle,South Karnataka Region,Davanagere,21530024,21610003
Nidige S.O,577222,Delivery,PO,Karnataka Circle,South Karnataka Region,Shimoga,21530033,21610003
Nyamthi S.O,577223,Delivery,PO,Karnataka Circle,South Karnataka Region,Davanagere,21530024,21610003
Sasvehalli S.O,577224,Delivery,PO,Karnataka Circle,South Karnataka Region,Davanagere,21530024,21610003
Saualanga S.O,577225,Delivery,PO,Karnataka Circle,South Karnataka Region,Davanagere,21530024,21610003
Tudur S.O,577226,Delivery,PO,Karnataka Circle,South Karnataka Region,Shimoga,21530033,21610003
Holehonner S.O,577227,Delivery,PO,Karnataka Circle,South Karnataka Region,Shimoga,21530033,21610003
Kawalgundi S.O,577229,Delivery,PO,Karnataka Circle,South Karnataka Region,Shimoga,21530033,21610003
Chilur S.O,577230,Delivery,PO,Karnataka Circle,South Karnataka Region,Davanagere,21530024,21610003
Kanivebilichi S.O,577231,Delivery,PO,Karnataka Circle,South Karnataka Region,Davanagere,21530024,21610003
Bejjavalli S.O,577232,Delivery,PO,Karnataka Circle,South Karnataka Region,Shimoga,21530033,21610003
Kudligere S.O,577233,Delivery,PO,Karnataka Circle,South Karnataka Region,Shimoga,21530033,21610003
Anaveri S.O,577243,Delivery,PO,Karnataka Circle,South Karnataka Region,Shimoga,21530033,21610003
Barandur S.O,577245,Delivery,PO,Karnataka Circle,South Karnataka Region,Shimoga,21530033,21610003
Bhadravati H.O,577301,Delivery,HO,Karnataka Circle,South Karnataka Region,Shimoga,21530033,21610003
Bhadravathi Paper Town S.O,577302,Delivery,PO,Karnataka Circle,South Karnataka Region,Shimoga,21530033,21610003
Sagar H.O,577401,Delivery,HO,Karnataka Circle,South Karnataka Region,Shimoga,21530033,21610003
Agumbe S.O,577411,Delivery,PO,Karnataka Circle,South Karnataka Region,Shimoga,21530033,21610003
Anandapuram S.O (Shivamogga),577412,Delivery,PO,Karnataka Circle,South Karnataka Region,Shimoga,21530033,21610003
Anavatti S.O,577413,Delivery,PO,Karnataka Circle,South Karnataka Region,Shimoga,21530033,21610003
Arga S.O,577414,Delivery,PO,Karnataka Circle,South Karnataka Region,Shimoga,21530033,21610003
Devangi S.O,577415,Delivery,PO,Karnataka Circle,South Karnataka Region,Shimoga,21530033,21610003
Harnahalli S.O,577416,Delivery,PO,Karnataka Circle,South Karnataka Region,Shimoga,21530033,21610003
Honnesara S.O,577417,Delivery,PO,Karnataka Circle,South Karnataka Region,Shimoga,21530033,21610003
Hosanagar S.O,577418,Delivery,PO,Karnataka Circle,South Karnataka Region,Shimoga,21530033,21610003
Jade S.O,577419,Delivery,PO,Karnataka Circle,South Karnataka Region,Shimoga,21530033,21610003
Kargal Colony S.O,577421,Delivery,PO,Karnataka Circle,South Karnataka Region,Shimoga,21530033,21610003
Konandur S.O,577422,Delivery,PO,Karnataka Circle,South Karnataka Region,Shimoga,21530033,21610003
Kumsi S.O,577423,Delivery,PO,Karnataka Circle,South Karnataka Region,Shimoga,21530033,21610003
Megaravalli S.O,577424,Delivery,PO,Karnataka Circle,South Karnataka Region,Shimoga,21530033,21610003
Nagara Shimoga SO,577425,Delivery,PO,Karnataka Circle,South Karnataka Region,Shimoga,21530033,21610003
Ripponpet S.O,577426,Delivery,PO,Karnataka Circle,South Karnataka Region,Shimoga,21530033,21610003
Shikaripur S.O,577427,Delivery,PO,Karnataka Circle,South Karnataka Region,Shimoga,21530033,21610003
Shiralakoppa S.O,577428,Delivery,PO,Karnataka Circle,South Karnataka Region,Shimoga,21530033,21610003
Sorab S.O,577429,Delivery,PO,Karnataka Circle,South Karnataka Region,Shimoga,21530033,21610003
Talaguppa S.O,577430,Delivery,PO,Karnataka Circle,South Karnataka Region,Shimoga,21530033,21610003
Thagarthi S.O,577431,Delivery,PO,Karnataka Circle,South Karnataka Region,Shimoga,21530033,21610003
Thirthahalli S.O,577432,Delivery,PO,Karnataka Circle,South Karnataka Region,Shimoga,21530033,21610003
Togarsi S.O,577433,Delivery,PO,Karnataka Circle,South Karnataka Region,Shimoga,21530033,21610003
Ulavi S.O,577434,Delivery,PO,Karnataka Circle,South Karnataka Region,Shimoga,21530033,21610003
Jog Falls S.O,577435,Delivery,PO,Karnataka Circle,South Karnataka Region,Shimoga,21530033,21610003
Humcha S.O,577436,Delivery,PO,Karnataka Circle,South Karnataka Region,Shimoga,21530033,21610003
KVV Shankaraghattta S.O,577451,Delivery,PO,Karnataka Circle,South Karnataka Region,Shimoga,21530033,21610003
Nittur S.O (Shivamogga),577452,Delivery,PO,Karnataka Circle,South Karnataka Region,Shimoga,21530033,21610003
Avinahalli S.O,577453,Delivery,PO,Karnataka Circle,South Karnataka Region,Shimoga,21530033,21610003
Thyavanige S.O,577544,Delivery,PO,Karnataka Circle,South Karnataka Region,Davanagere,21530024,21610003
Basavapatna S.O (Davangere),577551,Delivery,PO,Karnataka Circle,South Karnataka Region,Davanagere,21530024,21610003
Santhebennur S.O,577552,Delivery,PO,Karnataka Circle,South Karnataka Region,Davanagere,21530024,21610003
Pavagada S.O,561202,Delivery,PO,Karnataka Circle,South Karnataka Region,Tumkur,21530034,21610003
Tumakuru H.O,572101,Delivery,HO,Karnataka Circle,South Karnataka Region,Tumkur,21530034,21610003
Someswarapuram S.O,572102,Delivery,PO,Karnataka Circle,South Karnataka Region,Tumkur,21530034,21610003
Kuvempunagara S.O,572103,Delivery,PO,Karnataka Circle,South Karnataka Region,Tumkur,21530034,21610003
Kyathasandra S.O,572104,Delivery,PO,Karnataka Circle,South Karnataka Region,Tumkur,21530034,21610003
Maralur S.O,572105,Delivery,PO,Karnataka Circle,South Karnataka Region,Tumkur,21530034,21610003
Northren Extension S.O,572106,Delivery,PO,Karnataka Circle,South Karnataka Region,Tumkur,21530034,21610003
M C Campus Tumakuru S.O,572107,Delivery,PO,Karnataka Circle,South Karnataka Region,Tumkur,21530034,21610003
Amruthur S.O,572111,Delivery,PO,Karnataka Circle,South Karnataka Region,Tumkur,21530034,21610003
Badavanahalli S.O,572112,Delivery,PO,Karnataka Circle,South Karnataka Region,Tumkur,21530034,21610003
Baragur S.O,572113,Delivery,PO,Karnataka Circle,South Karnataka Region,Tumkur,21530034,21610003
Biligere S.O,572114,Delivery,PO,Karnataka Circle,South Karnataka Region,Tumkur,21530034,21610003
Bukkapatna S.O,572115,Delivery,PO,Karnataka Circle,South Karnataka Region,Tumkur,21530034,21610003
Channakeshavapura S.O,572116,Delivery,PO,Karnataka Circle,South Karnataka Region,Tumkur,21530034,21610003
Chelur S.O (Tumakuru),572117,Delivery,PO,Karnataka Circle,South Karnataka Region,Tumkur,21530034,21610003
Gulur S.O,572118,Delivery,PO,Karnataka Circle,South Karnataka Region,Tumkur,21530034,21610003
Handanakere S.O,572119,Delivery,PO,Karnataka Circle,South Karnataka Region,Tumkur,21530034,21610003
Hebbur S.O,572120,Delivery,PO,Karnataka Circle,South Karnataka Region,Tumkur,21530034,21610003
Holavanahalli S.O,572121,Delivery,PO,Karnataka Circle,South Karnataka Region,Tumkur,21530034,21610003
Honnudike S.O,572122,Delivery,PO,Karnataka Circle,South Karnataka Region,Tumkur,21530034,21610003
Huliyur Durga S.O,572123,Delivery,PO,Karnataka Circle,South Karnataka Region,Tumkur,21530034,21610003
Ittakadibbanahalli S.O,572124,Delivery,PO,Karnataka Circle,South Karnataka Region,Tumkur,21530034,21610003
Kallambella S.O,572125,Delivery,PO,Karnataka Circle,South Karnataka Region,Tumkur,21530034,21610003
Kempanahalli S.O,572126,Delivery,PO,Karnataka Circle,South Karnataka Region,Tumkur,21530034,21610003
Kodigenahalli S.O,572127,Delivery,PO,Karnataka Circle,South Karnataka Region,Tumkur,21530034,21610003
Kora S.O (Tumakuru),572128,Delivery,PO,Karnataka Circle,South Karnataka Region,Tumkur,21530034,21610003
Koratagere S.O,572129,Delivery,PO,Karnataka Circle,South Karnataka Region,Tumkur,21530034,21610003
Kunigal S.O,572130,Delivery,PO,Karnataka Circle,South Karnataka Region,Tumkur,21530034,21610003
Madhugiri S.O,572132,Delivery,PO,Karnataka Circle,South Karnataka Region,Tumkur,21530034,21610003
Medigeshi S.O,572133,Delivery,PO,Karnataka Circle,South Karnataka Region,Tumkur,21530034,21610003
Nagasandra S.O (Tumakuru),572134,Delivery,PO,Karnataka Circle,South Karnataka Region,Tumkur,21530034,21610003
P N Halli S.O,572135,Delivery,PO,Karnataka Circle,South Karnataka Region,Tumkur,21530034,21610003
Palavalli S.O,572136,Delivery,PO,Karnataka Circle,South Karnataka Region,Tumkur,21530034,21610003
Sira S.O,572137,Delivery,PO,Karnataka Circle,South Karnataka Region,Tumkur,21530034,21610003
Tovinakere S.O,572138,Delivery,PO,Karnataka Circle,South Karnataka Region,Tumkur,21530034,21610003
Tavarekere S.O (Tumakuru),572139,Delivery,PO,Karnataka Circle,South Karnataka Region,Tumkur,21530034,21610003
Urdigere S.O,572140,Delivery,PO,Karnataka Circle,South Karnataka Region,Tumkur,21530034,21610003
Y N Hoskote S.O,572141,Delivery,PO,Karnataka Circle,South Karnataka Region,Tumkur,21530034,21610003
Yediyur S.O (Tumakuru),572142,Delivery,PO,Karnataka Circle,South Karnataka Region,Tumkur,21530034,21610003
Hirehalli S.O,572168,Delivery,PO,Karnataka Circle,South Karnataka Region,Tumkur,21530034,21610003
Puravara S.O,572175,Delivery,PO,Karnataka Circle,South Karnataka Region,Tumkur,21530034,21610003
Tiptur H.O,572201,Delivery,HO,Karnataka Circle,South Karnataka Region,Tumkur,21530034,21610003
Ammasandra S.O,572211,Delivery,PO,Karnataka Circle,South Karnataka Region,Tumkur,21530034,21610003
Banasandra S.O,572212,Delivery,PO,Karnataka Circle,South Karnataka Region,Tumkur,21530034,21610003
Chandrashekarapura S.O,572213,Delivery,PO,Karnataka Circle,South Karnataka Region,Tumkur,21530034,21610003
Chikkanayakanahalli S.O,572214,Delivery,PO,Karnataka Circle,South Karnataka Region,Tumkur,21530034,21610003
Dandinashivara S.O,572215,Delivery,PO,Karnataka Circle,South Karnataka Region,Tumkur,21530034,21610003
Gubbi S.O,572216,Delivery,PO,Karnataka Circle,South Karnataka Region,Tumkur,21530034,21610003
Honnavalli S.O,572217,Delivery,PO,Karnataka Circle,South Karnataka Region,Tumkur,21530034,21610003
Huliyar S.O,572218,Delivery,PO,Karnataka Circle,South Karnataka Region,Tumkur,21530034,21610003
Kadaba S.O (Tumakuru),572219,Delivery,PO,Karnataka Circle,South Karnataka Region,Tumkur,21530034,21610003
Kallur S.O (Tumakuru),572220,Delivery,PO,Karnataka Circle,South Karnataka Region,Tumkur,21530034,21610003
Mayasandra S.O,572221,Delivery,PO,Karnataka Circle,South Karnataka Region,Tumkur,21530034,21610003
Mooganayakana Kote S.O,572222,Delivery,PO,Karnataka Circle,South Karnataka Region,Tumkur,21530034,21610003
Nittur S.O (Tumakuru),572223,Delivery,PO,Karnataka Circle,South Karnataka Region,Tumkur,21530034,21610003
Nonavinakere S.O,572224,Delivery,PO,Karnataka Circle,South Karnataka Region,Tumkur,21530034,21610003
Sampige S.O,572225,Delivery,PO,Karnataka Circle,South Karnataka Region,Tumkur,21530034,21610003
Settikere S.O,572226,Delivery,PO,Karnataka Circle,South Karnataka Region,Tumkur,21530034,21610003
Turuvekere S.O,572227,Delivery,PO,Karnataka Circle,South Karnataka Region,Tumkur,21530034,21610003
Kandikere S.O,572228,Delivery,PO,Karnataka Circle,South Karnataka Region,Tumkur,21530034,21610003
Hejmadi SO,574103,Delivery,PO,Karnataka Circle,South Karnataka Region,Udupi,21530035,21610003
KatapadiUdupi SO,574105,Delivery,PO,Karnataka Circle,South Karnataka Region,Udupi,21530035,21610003
Kaup SO,574106,Delivery,PO,Karnataka Circle,South Karnataka Region,Udupi,21530035,21610003
Padubidri SO,574111,Delivery,PO,Karnataka Circle,South Karnataka Region,Udupi,21530035,21610003
Palimar SO,574112,Delivery,PO,Karnataka Circle,South Karnataka Region,Udupi,21530035,21610003
Pilar SO Udupi,574113,Delivery,PO,Karnataka Circle,South Karnataka Region,Udupi,21530035,21610003
Shankarapura SO,574115,Delivery,PO,Karnataka Circle,South Karnataka Region,Udupi,21530035,21610003
Shirva SO,574116,Delivery,PO,Karnataka Circle,South Karnataka Region,Udupi,21530035,21610003
Uchila SO,574117,Delivery,PO,Karnataka Circle,South Karnataka Region,Udupi,21530035,21610003
Udyavara SO,574118,Delivery,PO,Karnataka Circle,South Karnataka Region,Udupi,21530035,21610003
Yermal SO,574119,Delivery,PO,Karnataka Circle,South Karnataka Region,Udupi,21530035,21610003
Udupi HO,576101,Delivery,HO,Karnataka Circle,South Karnataka Region,Udupi,21530035,21610003
Kunjibettu SO,576102,Delivery,PO,Karnataka Circle,South Karnataka Region,Udupi,21530035,21610003
Ambalapadi SO,576103,Delivery,PO,Karnataka Circle,South Karnataka Region,Udupi,21530035,21610003
Manipal HO,576104,Delivery,HO,Karnataka Circle,South Karnataka Region,Udupi,21530035,21610003
Santhekatte SO,576105,Delivery,PO,Karnataka Circle,South Karnataka Region,Udupi,21530035,21610003
Krodashrama SO,576106,Delivery,PO,Karnataka Circle,South Karnataka Region,Udupi,21530035,21610003
Parkala SO,576107,Delivery,PO,Karnataka Circle,South Karnataka Region,Udupi,21530035,21610003
Malpe SO,576108,Delivery,PO,Karnataka Circle,South Karnataka Region,Udupi,21530035,21610003
Hiriadka SO,576113,Delivery,PO,Karnataka Circle,South Karnataka Region,Udupi,21530035,21610003
Kallianapura SO,576114,Delivery,PO,Karnataka Circle,South Karnataka Region,Udupi,21530035,21610003
Kemmannu SO,576115,Delivery,PO,Karnataka Circle,South Karnataka Region,Udupi,21530035,21610003
Moodubelle SO,576120,Delivery,PO,Karnataka Circle,South Karnataka Region,Udupi,21530035,21610003
Pangala SO,576122,Delivery,PO,Karnataka Circle,South Karnataka Region,Udupi,21530035,21610003
Perdur SO,576124,Delivery,PO,Karnataka Circle,South Karnataka Region,Udupi,21530035,21610003
Kundapura HO,576201,Delivery,HO,Karnataka Circle,South Karnataka Region,Udupi,21530035,21610003
Barkur SO,576210,Delivery,PO,Karnataka Circle,South Karnataka Region,Udupi,21530035,21610003
Basrur SO,576211,Delivery,PO,Karnataka Circle,South Karnataka Region,Udupi,21530035,21610003
Belve SO,576212,Delivery,PO,Karnataka Circle,South Karnataka Region,Udupi,21530035,21610003
Brahmavara SO,576213,Delivery,PO,Karnataka Circle,South Karnataka Region,Udupi,21530035,21610003
Byndoor SO,576214,Delivery,PO,Karnataka Circle,South Karnataka Region,Udupi,21530035,21610003
Cherkadi SO,576215,Delivery,PO,Karnataka Circle,South Karnataka Region,Udupi,21530035,21610003
Ganguli SO,576216,Delivery,PO,Karnataka Circle,South Karnataka Region,Udupi,21530035,21610003
Hanglur SO,576217,Delivery,PO,Karnataka Circle,South Karnataka Region,Udupi,21530035,21610003
Hungarcutta SO,576218,Delivery,PO,Karnataka Circle,South Karnataka Region,Udupi,21530035,21610003
Khambadakone SO,576219,Delivery,PO,Karnataka Circle,South Karnataka Region,Udupi,21530035,21610003
Kollur SO,576220,Delivery,PO,Karnataka Circle,South Karnataka Region,Udupi,21530035,21610003
Kota SO,576221,Delivery,PO,Karnataka Circle,South Karnataka Region,Udupi,21530035,21610003
Koteshwara SO,576222,Delivery,PO,Karnataka Circle,South Karnataka Region,Udupi,21530035,21610003
Mandarthi SO,576223,Delivery,PO,Karnataka Circle,South Karnataka Region,Udupi,21530035,21610003
Navunda SO,576224,Delivery,PO,Karnataka Circle,South Karnataka Region,Udupi,21530035,21610003
Saligrama SO Udupi,576225,Delivery,PO,Karnataka Circle,South Karnataka Region,Udupi,21530035,21610003
Sasthan SO,576226,Delivery,PO,Karnataka Circle,South Karnataka Region,Udupi,21530035,21610003
Shankaranarayana SO,576227,Delivery,PO,Karnataka Circle,South Karnataka Region,Udupi,21530035,21610003
Shiruru Udupi SO,576228,Delivery,PO,Karnataka Circle,South Karnataka Region,Udupi,21530035,21610003
Siddapura Udupi SO,576229,Delivery,PO,Karnataka Circle,South Karnataka Region,Udupi,21530035,21610003
Tallur SO Udupi,576230,Delivery,PO,Karnataka Circle,South Karnataka Region,Udupi,21530035,21610003
Tekkatte SO,576231,Delivery,PO,Karnataka Circle,South Karnataka Region,Udupi,21530035,21610003
Uppunda SO,576232,Delivery,PO,Karnataka Circle,South Karnataka Region,Udupi,21530035,21610003
Vandse SO,576233,Delivery,PO,Karnataka Circle,South Karnataka Region,Udupi,21530035,21610003
Kokkarne SO,576234,Delivery,PO,Karnataka Circle,South Karnataka Region,Udupi,21530035,21610003
Trasi SO,576235,Delivery,PO,Karnataka Circle,South Karnataka Region,Udupi,21530035,21610003
Gujjadi SO,576247,Delivery,PO,Karnataka Circle,South Karnataka Region,Udupi,21530035,21610003
Kumbhashi SO,576257,Delivery,PO,Karnataka Circle,South Karnataka Region,Udupi,21530035,21610003
Hosangadi SO,576282,Delivery,PO,Karnataka Circle,South Karnataka Region,Udupi,21530035,21610003
Hattiangadi SO,576283,Delivery,PO,Karnataka Circle,South Karnataka Region,Udupi,21530035,21610003
Gaviopuram Extension S.O,560019,Delivery,PO,Karnataka Circle,Bengaluru HQ Region,BG South,,
Tyagrajnagar S.O,560028,Delivery,PO,Karnataka Circle,Bengaluru HQ Region,BG South,,
ISRO S.O,560031,Delivery,PO,Karnataka Circle,Bengaluru HQ Region,BG East,,
Nayandahalli S.O,560039,Delivery,PO,Karnataka Circle,Bengaluru HQ Region,BG South,,
Rajajinagar IV Block S.O,560044,Delivery,PO,Karnataka Circle,Bengaluru HQ Region,BG West,,
Vasanthnagar S.O,560052,Delivery,PO,Karnataka Circle,Bengaluru HQ Region,BG Central,,
Jayanagar East S.O,560069,Delivery,PO,Karnataka Circle,Bengaluru HQ Region,BG South,,
Electronic City II Stage S.O,560106,Delivery,PO,Karnataka Circle,Bengaluru HQ Region,BG South,,
Tavarekere S.O,560130,Delivery,PO,Karnataka Circle,Bengaluru HQ Region,BG West,,
Belthangady S.O,560214,Delivery,PO,Karnataka Circle,South Karnataka Region,Puttur,,
Kumbalagodu S.O,560740,Delivery,PO,Karnataka Circle,Bengaluru HQ Region,BG South,,
Doddaballapur Bazaar S.O,561229,Delivery,PO,Karnataka Circle,Bengaluru HQ Region,BG West,,
Channapatna S.O,561260,Delivery,PO,Karnataka Circle,Bengaluru HQ Region,Channapatna,,
Devanahalli S.O,562158,Delivery,PO,Karnataka Circle,Bengaluru HQ Region,BG East,,
Kolar Extension S.O,563102,Delivery,PO,Karnataka Circle,South Karnataka Region,Kolar,,
Dharwad S.O,580101,Delivery,PO,Karnataka Circle,North Karnataka Region,Dharwad,,
Ballari S.O,583013,Delivery,PO,Karnataka Circle,North Karnataka Region,Ballari,,
Tarnaka S.O,500013,Delivery,PO,Telangana,Telangana Circle,Hyderabad,,
Khairatabad S.O,500004,Delivery,PO,Telangana,Telangana Circle,Hyderabad,,
Hinjawadi S.O,411057,Delivery,PO,Maharashtra,Maharashtra Circle,Pune,,
Sadashiv Peth S.O,411030,Delivery,PO,Maharashtra,Maharashtra Circle,Pune,,
Yerwada S.O,411006,Delivery,PO,Maharashtra,Maharashtra Circle,Pune,,
Pune H.O,411001,Delivery,PO,Maharashtra,Maharashtra Circle,Pune,,
Andheri East S.O,400059,Delivery,PO,Maharashtra,Maharashtra Circle,Mumbai,,
Nariman Point S.O,400021,Delivery,PO,Maharashtra,Maharashtra Circle,Mumbai,,
Indira Nagar S.O,226016,Delivery,PO,Uttar,Uttar Pradesh Circle,Lucknow,,
Kumarhatti S.O,173205,Delivery,PO,Himachal,Himachal Pradesh Circle,Solan,,
Gurgaon H.O,122001,Delivery,PO,Haryana,Haryana Circle,Gurgaon,,
Panaji H.O,403001,Delivery,PO,Maharashtra,Maharashtra Circle,Goa,,
Margao S.O,403702,Delivery,PO,Maharashtra,Maharashtra Circle,Goa,,
Tirupur Cotton Market S.O,641603,Delivery,PO,Tamilnadu,Tamilnadu Circle,Tirupur,,
Tirupur H.O,641602,Delivery,PO,Tamilnadu,Tamilnadu Circle,Tirupur,,
Anupparpalayam S.O,641605,Delivery,PO,Tamilnadu,Tamilnadu Circle,Tirupur,,
Tirupur Bazaar S.O,641607,Delivery,PO,Tamilnadu,Tamilnadu Circle,Tirupur,,
Rayapuram S.O,641604,Delivery,PO,Tamilnadu,Tamilnadu Circle,Tirupur,,
Uthukuli S.O,641687,Delivery,PO,Tamilnadu,Tamilnadu Circle,Tirupur,,
Coimbatore H.O,641001,Delivery,PO,Tamilnadu,Tamilnadu Circle,Coimbatore,,
Karur H.O,639002,Delivery,PO,Tamilnadu,Tamilnadu Circle,Karur,,
Park Town S.O,600003,Delivery,PO,Tamilnadu,Tamilnadu Circle,Chennai,,
Greams Road S.O,600006,Delivery,PO,Tamilnadu,Tamilnadu Circle,Chennai,,
Redhills S.O,600052,Delivery,PO,Tamilnadu,Tamilnadu Circle,Chennai,,
Anna Nagar S.O,600102,Delivery,PO,Tamilnadu,Tamilnadu Circle,Chennai,,
Tiruchirappalli S.O,620005,Delivery,PO,Tamilnadu,Tamilnadu Circle,Tiruchirappalli,,
Vellore S.O,632004,Delivery,PO,Tamilnadu,Tamilnadu Circle,Vellore,,
Hosur S.O,635114,Delivery,PO,Tamilnadu,Tamilnadu Circle,Hosur,,
Salem S.O,636004,Delivery,PO,Tamilnadu,Tamilnadu Circle,Salem,,
Irugur S.O,641107,Delivery,PO,Tamilnadu,Tamilnadu Circle,Coimbatore,,
Sulur S.O,641402,Delivery,PO,Tamilnadu,Tamilnadu Circle,Coimbatore,,
Nallur S.O,641606,Delivery,PO,Tamilnadu,Tamilnadu Circle,Tirupur,,
Veerapandi S.O,641608,Delivery,PO,Tamilnadu,Tamilnadu Circle,Tirupur,,
Mangalam S.O,641666,Delivery,PO,Tamilnadu,Tamilnadu Circle,Tirupur,,
Mananthavady S.O,670643,Delivery,PO,Kerala,Kerala Circle,Wayanad,,
Kolkata S.O,700068,Delivery,PO,West,West Bengal Circle,Kolkata,,
